--------------------------------------------------------
--  파일이 생성됨 - 화요일-11월-23-2021   
--------------------------------------------------------
--------------------------------------------------------
--  DDL for Sequence ENJOY_EID_SEQ
--------------------------------------------------------

   CREATE SEQUENCE  "MEROOM"."ENJOY_EID_SEQ"  MINVALUE 1 MAXVALUE 99999 INCREMENT BY 1 START WITH 9 NOCACHE  NOORDER  NOCYCLE ;
--------------------------------------------------------
--  DDL for Sequence ORF_IDX_SEQ
--------------------------------------------------------

   CREATE SEQUENCE  "MEROOM"."ORF_IDX_SEQ"  MINVALUE 1 MAXVALUE 9999999999999999999999999999 INCREMENT BY 1 START WITH 7 NOCACHE  NOORDER  NOCYCLE ;
--------------------------------------------------------
--  DDL for Sequence O_IDX_SEQ
--------------------------------------------------------

   CREATE SEQUENCE  "MEROOM"."O_IDX_SEQ"  MINVALUE 1 MAXVALUE 9999999999999999999999999999 INCREMENT BY 1 START WITH 76 NOCACHE  NOORDER  NOCYCLE ;
--------------------------------------------------------
--  DDL for Sequence PAYMENT_SEQ
--------------------------------------------------------

   CREATE SEQUENCE  "MEROOM"."PAYMENT_SEQ"  MINVALUE 1 MAXVALUE 9999999999999999999999999999 INCREMENT BY 1 START WITH 1 NOCACHE  NOORDER  NOCYCLE ;
--------------------------------------------------------
--  DDL for Sequence PLACE_PID_SEQ
--------------------------------------------------------

   CREATE SEQUENCE  "MEROOM"."PLACE_PID_SEQ"  MINVALUE 1 MAXVALUE 99999 INCREMENT BY 1 START WITH 1 NOCACHE  NOORDER  NOCYCLE ;
--------------------------------------------------------
--  DDL for Sequence REFUND_SEQ
--------------------------------------------------------

   CREATE SEQUENCE  "MEROOM"."REFUND_SEQ"  MINVALUE 1 MAXVALUE 9999999999999999999999999999 INCREMENT BY 1 START WITH 23 NOCACHE  NOORDER  NOCYCLE ;
--------------------------------------------------------
--  DDL for Sequence RESERVATION_SEQ
--------------------------------------------------------

   CREATE SEQUENCE  "MEROOM"."RESERVATION_SEQ"  MINVALUE 912332 MAXVALUE 9999999999999999999999999999 INCREMENT BY 1 START WITH 912370 NOCACHE  NOORDER  NOCYCLE ;
--------------------------------------------------------
--  DDL for Sequence REWARD_IDX_SEQ
--------------------------------------------------------

   CREATE SEQUENCE  "MEROOM"."REWARD_IDX_SEQ"  MINVALUE 1 MAXVALUE 9999999999999999999999999999 INCREMENT BY 1 START WITH 101 CACHE 20 NOORDER  NOCYCLE ;
--------------------------------------------------------
--  DDL for Sequence RV_IDX_SEQ
--------------------------------------------------------

   CREATE SEQUENCE  "MEROOM"."RV_IDX_SEQ"  MINVALUE 1 MAXVALUE 9999999999999999999999999999 INCREMENT BY 1 START WITH 35 NOCACHE  NOORDER  NOCYCLE ;
--------------------------------------------------------
--  DDL for Sequence SEQ_ANSWER
--------------------------------------------------------

   CREATE SEQUENCE  "MEROOM"."SEQ_ANSWER"  MINVALUE 1 MAXVALUE 9999999999999999999999999999 INCREMENT BY 1 START WITH 1 NOCACHE  NOORDER  NOCYCLE ;
--------------------------------------------------------
--  DDL for Sequence SEQ_EVENT
--------------------------------------------------------

   CREATE SEQUENCE  "MEROOM"."SEQ_EVENT"  MINVALUE 1 MAXVALUE 9999999999999999999999999999 INCREMENT BY 1 START WITH 12 NOCACHE  NOORDER  NOCYCLE ;
--------------------------------------------------------
--  DDL for Sequence SEQ_FA
--------------------------------------------------------

   CREATE SEQUENCE  "MEROOM"."SEQ_FA"  MINVALUE 1 MAXVALUE 9999999999999999999999999999 INCREMENT BY 1 START WITH 1 NOCACHE  NOORDER  NOCYCLE ;
--------------------------------------------------------
--  DDL for Sequence SEQ_NEWS
--------------------------------------------------------

   CREATE SEQUENCE  "MEROOM"."SEQ_NEWS"  MINVALUE 1 MAXVALUE 9999999999999999999999999999 INCREMENT BY 1 START WITH 10 NOCACHE  NOORDER  NOCYCLE ;
--------------------------------------------------------
--  DDL for Sequence SEQ_PROMOTION
--------------------------------------------------------

   CREATE SEQUENCE  "MEROOM"."SEQ_PROMOTION"  MINVALUE 1 MAXVALUE 9999999999999999999999999999 INCREMENT BY 1 START WITH 14 NOCACHE  NOORDER  NOCYCLE ;
--------------------------------------------------------
--  DDL for Sequence SEQ_QUESTION
--------------------------------------------------------

   CREATE SEQUENCE  "MEROOM"."SEQ_QUESTION"  MINVALUE 1 MAXVALUE 9999999999999999999999999999 INCREMENT BY 1 START WITH 7 NOCACHE  NOORDER  NOCYCLE ;
--------------------------------------------------------
--  DDL for Table ADMINREWARD
--------------------------------------------------------

  CREATE TABLE "MEROOM"."ADMINREWARD" 
   (	"RE_CATEGORY" VARCHAR2(50 BYTE), 
	"REWARD_PER" NUMBER, 
	"REWARD_NUM" NUMBER
   ) SEGMENT CREATION IMMEDIATE 
  PCTFREE 10 PCTUSED 40 INITRANS 1 MAXTRANS 255 NOCOMPRESS LOGGING
  STORAGE(INITIAL 65536 NEXT 1048576 MINEXTENTS 1 MAXEXTENTS 2147483645
  PCTINCREASE 0 FREELISTS 1 FREELIST GROUPS 1 BUFFER_POOL DEFAULT FLASH_CACHE DEFAULT CELL_FLASH_CACHE DEFAULT)
  TABLESPACE "SYSTEM" ;

   COMMENT ON COLUMN "MEROOM"."ADMINREWARD"."RE_CATEGORY" IS '카테고리';
   COMMENT ON COLUMN "MEROOM"."ADMINREWARD"."REWARD_PER" IS '적립률';
   COMMENT ON COLUMN "MEROOM"."ADMINREWARD"."REWARD_NUM" IS '적립금';
--------------------------------------------------------
--  DDL for Table ANSWER
--------------------------------------------------------

  CREATE TABLE "MEROOM"."ANSWER" 
   (	"A_IDX" NUMBER, 
	"Q_IDX2" NUMBER, 
	"A_CONTENT" CLOB, 
	"A_REGDATE" DATE, 
	"A_YN" VARCHAR2(10 BYTE)
   ) SEGMENT CREATION IMMEDIATE 
  PCTFREE 10 PCTUSED 40 INITRANS 1 MAXTRANS 255 NOCOMPRESS LOGGING
  STORAGE(INITIAL 65536 NEXT 1048576 MINEXTENTS 1 MAXEXTENTS 2147483645
  PCTINCREASE 0 FREELISTS 1 FREELIST GROUPS 1 BUFFER_POOL DEFAULT FLASH_CACHE DEFAULT CELL_FLASH_CACHE DEFAULT)
  TABLESPACE "SYSTEM" 
 LOB ("A_CONTENT") STORE AS BASICFILE (
  TABLESPACE "SYSTEM" ENABLE STORAGE IN ROW CHUNK 8192 RETENTION 
  NOCACHE LOGGING 
  STORAGE(INITIAL 65536 NEXT 1048576 MINEXTENTS 1 MAXEXTENTS 2147483645
  PCTINCREASE 0 FREELISTS 1 FREELIST GROUPS 1 BUFFER_POOL DEFAULT FLASH_CACHE DEFAULT CELL_FLASH_CACHE DEFAULT)) ;

   COMMENT ON COLUMN "MEROOM"."ANSWER"."A_IDX" IS '답변번호';
   COMMENT ON COLUMN "MEROOM"."ANSWER"."Q_IDX2" IS '문의번호';
   COMMENT ON COLUMN "MEROOM"."ANSWER"."A_CONTENT" IS '답변내용';
   COMMENT ON COLUMN "MEROOM"."ANSWER"."A_REGDATE" IS '답변작성일';
   COMMENT ON COLUMN "MEROOM"."ANSWER"."A_YN" IS '답변유무';
--------------------------------------------------------
--  DDL for Table ENJOY
--------------------------------------------------------

  CREATE TABLE "MEROOM"."ENJOY" 
   (	"EID" NUMBER(10,0), 
	"ECATEGORY" VARCHAR2(100 BYTE), 
	"ETITLE" VARCHAR2(100 BYTE), 
	"ETEXT" VARCHAR2(300 BYTE), 
	"EPHONE" VARCHAR2(100 BYTE), 
	"ELOCATION" VARCHAR2(100 BYTE), 
	"EPRICE" VARCHAR2(100 BYTE), 
	"ETIME" VARCHAR2(100 BYTE), 
	"EINFO" VARCHAR2(2000 BYTE), 
	"EFILEPATH" VARCHAR2(500 BYTE)
   ) SEGMENT CREATION IMMEDIATE 
  PCTFREE 10 PCTUSED 40 INITRANS 1 MAXTRANS 255 NOCOMPRESS LOGGING
  STORAGE(INITIAL 65536 NEXT 1048576 MINEXTENTS 1 MAXEXTENTS 2147483645
  PCTINCREASE 0 FREELISTS 1 FREELIST GROUPS 1 BUFFER_POOL DEFAULT FLASH_CACHE DEFAULT CELL_FLASH_CACHE DEFAULT)
  TABLESPACE "SYSTEM" ;
--------------------------------------------------------
--  DDL for Table EVENT
--------------------------------------------------------

  CREATE TABLE "MEROOM"."EVENT" 
   (	"EV_IDX" NUMBER, 
	"EV_TITLE" VARCHAR2(300 BYTE), 
	"EV_SUBTITLE" VARCHAR2(300 BYTE), 
	"EV_CONTENT" CLOB, 
	"EV_THUMBNAIL" VARCHAR2(500 BYTE), 
	"EV_REGDATE" DATE
   ) SEGMENT CREATION IMMEDIATE 
  PCTFREE 10 PCTUSED 40 INITRANS 1 MAXTRANS 255 NOCOMPRESS LOGGING
  STORAGE(INITIAL 65536 NEXT 1048576 MINEXTENTS 1 MAXEXTENTS 2147483645
  PCTINCREASE 0 FREELISTS 1 FREELIST GROUPS 1 BUFFER_POOL DEFAULT FLASH_CACHE DEFAULT CELL_FLASH_CACHE DEFAULT)
  TABLESPACE "SYSTEM" 
 LOB ("EV_CONTENT") STORE AS BASICFILE (
  TABLESPACE "SYSTEM" ENABLE STORAGE IN ROW CHUNK 8192 RETENTION 
  NOCACHE LOGGING 
  STORAGE(INITIAL 65536 NEXT 1048576 MINEXTENTS 1 MAXEXTENTS 2147483645
  PCTINCREASE 0 FREELISTS 1 FREELIST GROUPS 1 BUFFER_POOL DEFAULT FLASH_CACHE DEFAULT CELL_FLASH_CACHE DEFAULT)) ;

   COMMENT ON COLUMN "MEROOM"."EVENT"."EV_IDX" IS '이벤트번호';
   COMMENT ON COLUMN "MEROOM"."EVENT"."EV_TITLE" IS '이벤트제목';
   COMMENT ON COLUMN "MEROOM"."EVENT"."EV_SUBTITLE" IS '이벤트부제목';
   COMMENT ON COLUMN "MEROOM"."EVENT"."EV_CONTENT" IS '이벤트내용';
   COMMENT ON COLUMN "MEROOM"."EVENT"."EV_THUMBNAIL" IS '썸네일';
   COMMENT ON COLUMN "MEROOM"."EVENT"."EV_REGDATE" IS '이벤트작성일';
--------------------------------------------------------
--  DDL for Table FA
--------------------------------------------------------

  CREATE TABLE "MEROOM"."FA" 
   (	"F_IDX" NUMBER, 
	"F_TITLE" VARCHAR2(100 BYTE), 
	"F_CONTENT" CLOB
   ) SEGMENT CREATION IMMEDIATE 
  PCTFREE 10 PCTUSED 40 INITRANS 1 MAXTRANS 255 NOCOMPRESS LOGGING
  STORAGE(INITIAL 65536 NEXT 1048576 MINEXTENTS 1 MAXEXTENTS 2147483645
  PCTINCREASE 0 FREELISTS 1 FREELIST GROUPS 1 BUFFER_POOL DEFAULT FLASH_CACHE DEFAULT CELL_FLASH_CACHE DEFAULT)
  TABLESPACE "SYSTEM" 
 LOB ("F_CONTENT") STORE AS BASICFILE (
  TABLESPACE "SYSTEM" ENABLE STORAGE IN ROW CHUNK 8192 RETENTION 
  NOCACHE LOGGING 
  STORAGE(INITIAL 65536 NEXT 1048576 MINEXTENTS 1 MAXEXTENTS 2147483645
  PCTINCREASE 0 FREELISTS 1 FREELIST GROUPS 1 BUFFER_POOL DEFAULT FLASH_CACHE DEFAULT CELL_FLASH_CACHE DEFAULT)) ;

   COMMENT ON COLUMN "MEROOM"."FA"."F_IDX" IS '질문번호
';
   COMMENT ON COLUMN "MEROOM"."FA"."F_TITLE" IS '질문제목';
   COMMENT ON COLUMN "MEROOM"."FA"."F_CONTENT" IS '질문내용';
--------------------------------------------------------
--  DDL for Table MEMBER
--------------------------------------------------------

  CREATE TABLE "MEROOM"."MEMBER" 
   (	"MEMBERID" VARCHAR2(100 BYTE), 
	"PASSWORD" VARCHAR2(20 BYTE), 
	"PHONE" VARCHAR2(20 BYTE), 
	"ADDRESS" VARCHAR2(200 BYTE), 
	"BIRTH" VARCHAR2(20 BYTE), 
	"JOINDATE" VARCHAR2(20 BYTE), 
	"NICKNAME" VARCHAR2(20 BYTE), 
	"EMAIL" VARCHAR2(20 BYTE), 
	"NAME" VARCHAR2(20 BYTE), 
	"WTHDRDATE" VARCHAR2(20 BYTE)
   ) SEGMENT CREATION IMMEDIATE 
  PCTFREE 10 PCTUSED 40 INITRANS 1 MAXTRANS 255 NOCOMPRESS LOGGING
  STORAGE(INITIAL 65536 NEXT 1048576 MINEXTENTS 1 MAXEXTENTS 2147483645
  PCTINCREASE 0 FREELISTS 1 FREELIST GROUPS 1 BUFFER_POOL DEFAULT FLASH_CACHE DEFAULT CELL_FLASH_CACHE DEFAULT)
  TABLESPACE "SYSTEM" ;

   COMMENT ON COLUMN "MEROOM"."MEMBER"."MEMBERID" IS '회원아이디';
   COMMENT ON COLUMN "MEROOM"."MEMBER"."PASSWORD" IS '비밀번호';
   COMMENT ON COLUMN "MEROOM"."MEMBER"."PHONE" IS '휴대전화번호';
   COMMENT ON COLUMN "MEROOM"."MEMBER"."ADDRESS" IS '주소';
   COMMENT ON COLUMN "MEROOM"."MEMBER"."BIRTH" IS '생일';
   COMMENT ON COLUMN "MEROOM"."MEMBER"."JOINDATE" IS '가입일';
   COMMENT ON COLUMN "MEROOM"."MEMBER"."NICKNAME" IS '닉네임';
   COMMENT ON COLUMN "MEROOM"."MEMBER"."EMAIL" IS '이메일';
   COMMENT ON COLUMN "MEROOM"."MEMBER"."NAME" IS '이름';
--------------------------------------------------------
--  DDL for Table NEWS
--------------------------------------------------------

  CREATE TABLE "MEROOM"."NEWS" 
   (	"NE_IDX" NUMBER, 
	"NE_TITLE" VARCHAR2(100 BYTE), 
	"NE_SUBTITLE" VARCHAR2(100 BYTE), 
	"NE_CONTENT" CLOB, 
	"NE_THUMBNAIL" VARCHAR2(500 BYTE), 
	"NE_REGDATE" DATE
   ) SEGMENT CREATION IMMEDIATE 
  PCTFREE 10 PCTUSED 40 INITRANS 1 MAXTRANS 255 NOCOMPRESS LOGGING
  STORAGE(INITIAL 65536 NEXT 1048576 MINEXTENTS 1 MAXEXTENTS 2147483645
  PCTINCREASE 0 FREELISTS 1 FREELIST GROUPS 1 BUFFER_POOL DEFAULT FLASH_CACHE DEFAULT CELL_FLASH_CACHE DEFAULT)
  TABLESPACE "SYSTEM" 
 LOB ("NE_CONTENT") STORE AS BASICFILE (
  TABLESPACE "SYSTEM" ENABLE STORAGE IN ROW CHUNK 8192 RETENTION 
  NOCACHE LOGGING 
  STORAGE(INITIAL 65536 NEXT 1048576 MINEXTENTS 1 MAXEXTENTS 2147483645
  PCTINCREASE 0 FREELISTS 1 FREELIST GROUPS 1 BUFFER_POOL DEFAULT FLASH_CACHE DEFAULT CELL_FLASH_CACHE DEFAULT)) ;

   COMMENT ON COLUMN "MEROOM"."NEWS"."NE_IDX" IS '뉴스번호';
   COMMENT ON COLUMN "MEROOM"."NEWS"."NE_TITLE" IS '뉴스제목';
   COMMENT ON COLUMN "MEROOM"."NEWS"."NE_SUBTITLE" IS '뉴스부제목';
   COMMENT ON COLUMN "MEROOM"."NEWS"."NE_CONTENT" IS '뉴스내용';
   COMMENT ON COLUMN "MEROOM"."NEWS"."NE_THUMBNAIL" IS '썸네일';
   COMMENT ON COLUMN "MEROOM"."NEWS"."NE_REGDATE" IS '뉴스작성일';
--------------------------------------------------------
--  DDL for Table ONEDAYCLASS
--------------------------------------------------------

  CREATE TABLE "MEROOM"."ONEDAYCLASS" 
   (	"O_IDX" NUMBER, 
	"O_CATEGORY" VARCHAR2(20 BYTE), 
	"O_NAME" VARCHAR2(100 BYTE), 
	"O_DATE" VARCHAR2(200 BYTE), 
	"O_TIME" VARCHAR2(20 BYTE), 
	"O_LOCATION" VARCHAR2(100 BYTE), 
	"O_PRICE" NUMBER, 
	"O_CNT" NUMBER, 
	"O_INFO" CLOB, 
	"O_IMG" VARCHAR2(500 BYTE)
   ) SEGMENT CREATION IMMEDIATE 
  PCTFREE 10 PCTUSED 40 INITRANS 1 MAXTRANS 255 NOCOMPRESS LOGGING
  STORAGE(INITIAL 65536 NEXT 1048576 MINEXTENTS 1 MAXEXTENTS 2147483645
  PCTINCREASE 0 FREELISTS 1 FREELIST GROUPS 1 BUFFER_POOL DEFAULT FLASH_CACHE DEFAULT CELL_FLASH_CACHE DEFAULT)
  TABLESPACE "SYSTEM" 
 LOB ("O_INFO") STORE AS BASICFILE (
  TABLESPACE "SYSTEM" ENABLE STORAGE IN ROW CHUNK 8192 RETENTION 
  NOCACHE LOGGING 
  STORAGE(INITIAL 65536 NEXT 1048576 MINEXTENTS 1 MAXEXTENTS 2147483645
  PCTINCREASE 0 FREELISTS 1 FREELIST GROUPS 1 BUFFER_POOL DEFAULT FLASH_CACHE DEFAULT CELL_FLASH_CACHE DEFAULT)) ;

   COMMENT ON COLUMN "MEROOM"."ONEDAYCLASS"."O_IDX" IS '클래스번호';
   COMMENT ON COLUMN "MEROOM"."ONEDAYCLASS"."O_CATEGORY" IS '카테고리';
   COMMENT ON COLUMN "MEROOM"."ONEDAYCLASS"."O_NAME" IS '클래스명';
   COMMENT ON COLUMN "MEROOM"."ONEDAYCLASS"."O_DATE" IS '수강날짜';
   COMMENT ON COLUMN "MEROOM"."ONEDAYCLASS"."O_TIME" IS '수강시간';
   COMMENT ON COLUMN "MEROOM"."ONEDAYCLASS"."O_LOCATION" IS '수강장소';
   COMMENT ON COLUMN "MEROOM"."ONEDAYCLASS"."O_PRICE" IS '수강가격';
   COMMENT ON COLUMN "MEROOM"."ONEDAYCLASS"."O_CNT" IS '수강인원';
   COMMENT ON COLUMN "MEROOM"."ONEDAYCLASS"."O_INFO" IS '상세정보';
   COMMENT ON COLUMN "MEROOM"."ONEDAYCLASS"."O_IMG" IS '썸네일이미지';
--------------------------------------------------------
--  DDL for Table O_PAYMENT
--------------------------------------------------------

  CREATE TABLE "MEROOM"."O_PAYMENT" 
   (	"OP_IDX" VARCHAR2(20 BYTE), 
	"OR_IDX" VARCHAR2(50 BYTE), 
	"OP_MONEY" NUMBER, 
	"OP_DATE" DATE, 
	"OP_METHOD" VARCHAR2(50 BYTE), 
	"OP_POINT" NUMBER DEFAULT 0
   ) SEGMENT CREATION IMMEDIATE 
  PCTFREE 10 PCTUSED 40 INITRANS 1 MAXTRANS 255 NOCOMPRESS LOGGING
  STORAGE(INITIAL 65536 NEXT 1048576 MINEXTENTS 1 MAXEXTENTS 2147483645
  PCTINCREASE 0 FREELISTS 1 FREELIST GROUPS 1 BUFFER_POOL DEFAULT FLASH_CACHE DEFAULT CELL_FLASH_CACHE DEFAULT)
  TABLESPACE "SYSTEM" ;
--------------------------------------------------------
--  DDL for Table O_REFUND
--------------------------------------------------------

  CREATE TABLE "MEROOM"."O_REFUND" 
   (	"ORF_IDX" NUMBER, 
	"OR_IDX" VARCHAR2(50 BYTE), 
	"ORF_MONEY" NUMBER, 
	"ORF_DATE" VARCHAR2(20 BYTE) DEFAULT SYSDATE
   ) SEGMENT CREATION IMMEDIATE 
  PCTFREE 10 PCTUSED 40 INITRANS 1 MAXTRANS 255 NOCOMPRESS LOGGING
  STORAGE(INITIAL 65536 NEXT 1048576 MINEXTENTS 1 MAXEXTENTS 2147483645
  PCTINCREASE 0 FREELISTS 1 FREELIST GROUPS 1 BUFFER_POOL DEFAULT FLASH_CACHE DEFAULT CELL_FLASH_CACHE DEFAULT)
  TABLESPACE "SYSTEM" ;

   COMMENT ON COLUMN "MEROOM"."O_REFUND"."ORF_IDX" IS '환불번호';
   COMMENT ON COLUMN "MEROOM"."O_REFUND"."OR_IDX" IS '예약번호';
   COMMENT ON COLUMN "MEROOM"."O_REFUND"."ORF_MONEY" IS '환불금액';
   COMMENT ON COLUMN "MEROOM"."O_REFUND"."ORF_DATE" IS '취소일자';
--------------------------------------------------------
--  DDL for Table O_RESERVATION
--------------------------------------------------------

  CREATE TABLE "MEROOM"."O_RESERVATION" 
   (	"OR_IDX" VARCHAR2(50 BYTE), 
	"O_IDX" NUMBER, 
	"MEMBERID" VARCHAR2(20 BYTE), 
	"OR_DATE" VARCHAR2(20 BYTE), 
	"OR_TIME" VARCHAR2(20 BYTE), 
	"OR_COUNT" NUMBER
   ) SEGMENT CREATION IMMEDIATE 
  PCTFREE 10 PCTUSED 40 INITRANS 1 MAXTRANS 255 NOCOMPRESS LOGGING
  STORAGE(INITIAL 65536 NEXT 1048576 MINEXTENTS 1 MAXEXTENTS 2147483645
  PCTINCREASE 0 FREELISTS 1 FREELIST GROUPS 1 BUFFER_POOL DEFAULT FLASH_CACHE DEFAULT CELL_FLASH_CACHE DEFAULT)
  TABLESPACE "SYSTEM" ;
--------------------------------------------------------
--  DDL for Table PAYMENT
--------------------------------------------------------

  CREATE TABLE "MEROOM"."PAYMENT" 
   (	"PAY_IDX" VARCHAR2(50 BYTE), 
	"R_IDX" VARCHAR2(50 BYTE), 
	"PRICE" NUMBER, 
	"PAY_DATE" DATE DEFAULT SYSDATE, 
	"PAY_MNS" VARCHAR2(20 BYTE), 
	"PAY_POINT" NUMBER DEFAULT 0
   ) SEGMENT CREATION IMMEDIATE 
  PCTFREE 10 PCTUSED 40 INITRANS 1 MAXTRANS 255 NOCOMPRESS LOGGING
  STORAGE(INITIAL 65536 NEXT 1048576 MINEXTENTS 1 MAXEXTENTS 2147483645
  PCTINCREASE 0 FREELISTS 1 FREELIST GROUPS 1 BUFFER_POOL DEFAULT FLASH_CACHE DEFAULT CELL_FLASH_CACHE DEFAULT)
  TABLESPACE "SYSTEM" ;

   COMMENT ON COLUMN "MEROOM"."PAYMENT"."PAY_IDX" IS '결제번호';
   COMMENT ON COLUMN "MEROOM"."PAYMENT"."R_IDX" IS '예약번호';
   COMMENT ON COLUMN "MEROOM"."PAYMENT"."PRICE" IS '가격';
   COMMENT ON COLUMN "MEROOM"."PAYMENT"."PAY_DATE" IS '결제일';
   COMMENT ON COLUMN "MEROOM"."PAYMENT"."PAY_MNS" IS '결제수단';
   COMMENT ON COLUMN "MEROOM"."PAYMENT"."PAY_POINT" IS '포인트';
--------------------------------------------------------
--  DDL for Table PLACE
--------------------------------------------------------

  CREATE TABLE "MEROOM"."PLACE" 
   (	"PID" NUMBER(10,0), 
	"PTITLE" VARCHAR2(100 BYTE), 
	"PTIME" VARCHAR2(100 BYTE), 
	"PPHONE" VARCHAR2(20 BYTE), 
	"PLOCATION" VARCHAR2(200 BYTE), 
	"PTHUMB" VARCHAR2(500 BYTE), 
	"PCONTENT" VARCHAR2(2000 BYTE), 
	"PFILEPATH" VARCHAR2(200 BYTE), 
	"PLAT" VARCHAR2(100 BYTE), 
	"PLNG" VARCHAR2(100 BYTE), 
	"PTEXT" VARCHAR2(300 BYTE)
   ) SEGMENT CREATION IMMEDIATE 
  PCTFREE 10 PCTUSED 40 INITRANS 1 MAXTRANS 255 NOCOMPRESS LOGGING
  STORAGE(INITIAL 65536 NEXT 1048576 MINEXTENTS 1 MAXEXTENTS 2147483645
  PCTINCREASE 0 FREELISTS 1 FREELIST GROUPS 1 BUFFER_POOL DEFAULT FLASH_CACHE DEFAULT CELL_FLASH_CACHE DEFAULT)
  TABLESPACE "SYSTEM" ;
--------------------------------------------------------
--  DDL for Table PROMOTION
--------------------------------------------------------

  CREATE TABLE "MEROOM"."PROMOTION" 
   (	"PR_IDX" NUMBER, 
	"PR_TITLE" VARCHAR2(300 BYTE), 
	"PR_SUBTITLE" VARCHAR2(300 BYTE), 
	"PR_CONTENT" CLOB, 
	"PR_THUMBNAIL" VARCHAR2(500 BYTE), 
	"PR_REGDATE" DATE
   ) SEGMENT CREATION IMMEDIATE 
  PCTFREE 10 PCTUSED 40 INITRANS 1 MAXTRANS 255 NOCOMPRESS LOGGING
  STORAGE(INITIAL 65536 NEXT 1048576 MINEXTENTS 1 MAXEXTENTS 2147483645
  PCTINCREASE 0 FREELISTS 1 FREELIST GROUPS 1 BUFFER_POOL DEFAULT FLASH_CACHE DEFAULT CELL_FLASH_CACHE DEFAULT)
  TABLESPACE "SYSTEM" 
 LOB ("PR_CONTENT") STORE AS BASICFILE (
  TABLESPACE "SYSTEM" ENABLE STORAGE IN ROW CHUNK 8192 RETENTION 
  NOCACHE LOGGING 
  STORAGE(INITIAL 65536 NEXT 1048576 MINEXTENTS 1 MAXEXTENTS 2147483645
  PCTINCREASE 0 FREELISTS 1 FREELIST GROUPS 1 BUFFER_POOL DEFAULT FLASH_CACHE DEFAULT CELL_FLASH_CACHE DEFAULT)) ;

   COMMENT ON COLUMN "MEROOM"."PROMOTION"."PR_IDX" IS '프로모션번호';
   COMMENT ON COLUMN "MEROOM"."PROMOTION"."PR_TITLE" IS '프로모션제목';
   COMMENT ON COLUMN "MEROOM"."PROMOTION"."PR_SUBTITLE" IS '프로모션부제목';
   COMMENT ON COLUMN "MEROOM"."PROMOTION"."PR_CONTENT" IS '프로모션내용';
   COMMENT ON COLUMN "MEROOM"."PROMOTION"."PR_THUMBNAIL" IS '썸네일';
   COMMENT ON COLUMN "MEROOM"."PROMOTION"."PR_REGDATE" IS '프로모션작성일';
--------------------------------------------------------
--  DDL for Table QUESTION
--------------------------------------------------------

  CREATE TABLE "MEROOM"."QUESTION" 
   (	"Q_IDX" NUMBER, 
	"NAME" VARCHAR2(30 BYTE), 
	"MEMBERID" VARCHAR2(30 BYTE), 
	"EMAIL" VARCHAR2(200 BYTE), 
	"PHONE" VARCHAR2(30 BYTE), 
	"ANYTYP" VARCHAR2(20 BYTE), 
	"Q_TITLE" VARCHAR2(100 BYTE), 
	"Q_CONTENT" CLOB, 
	"Q_REGDATE" VARCHAR2(30 BYTE), 
	"Q_YN" VARCHAR2(10 BYTE)
   ) SEGMENT CREATION IMMEDIATE 
  PCTFREE 10 PCTUSED 40 INITRANS 1 MAXTRANS 255 NOCOMPRESS LOGGING
  STORAGE(INITIAL 65536 NEXT 1048576 MINEXTENTS 1 MAXEXTENTS 2147483645
  PCTINCREASE 0 FREELISTS 1 FREELIST GROUPS 1 BUFFER_POOL DEFAULT FLASH_CACHE DEFAULT CELL_FLASH_CACHE DEFAULT)
  TABLESPACE "SYSTEM" 
 LOB ("Q_CONTENT") STORE AS BASICFILE (
  TABLESPACE "SYSTEM" ENABLE STORAGE IN ROW CHUNK 8192 RETENTION 
  NOCACHE LOGGING 
  STORAGE(INITIAL 65536 NEXT 1048576 MINEXTENTS 1 MAXEXTENTS 2147483645
  PCTINCREASE 0 FREELISTS 1 FREELIST GROUPS 1 BUFFER_POOL DEFAULT FLASH_CACHE DEFAULT CELL_FLASH_CACHE DEFAULT)) ;

   COMMENT ON COLUMN "MEROOM"."QUESTION"."Q_IDX" IS '문의번호';
   COMMENT ON COLUMN "MEROOM"."QUESTION"."NAME" IS '회원이름';
   COMMENT ON COLUMN "MEROOM"."QUESTION"."MEMBERID" IS '회원아이디';
   COMMENT ON COLUMN "MEROOM"."QUESTION"."EMAIL" IS '회원이메일';
   COMMENT ON COLUMN "MEROOM"."QUESTION"."PHONE" IS '회원핸드폰';
   COMMENT ON COLUMN "MEROOM"."QUESTION"."ANYTYP" IS '문의유형';
   COMMENT ON COLUMN "MEROOM"."QUESTION"."Q_TITLE" IS '문의제목';
   COMMENT ON COLUMN "MEROOM"."QUESTION"."Q_CONTENT" IS '문의내용';
   COMMENT ON COLUMN "MEROOM"."QUESTION"."Q_REGDATE" IS '문의작성일';
   COMMENT ON COLUMN "MEROOM"."QUESTION"."Q_YN" IS '문의답변유무';
--------------------------------------------------------
--  DDL for Table REFUND
--------------------------------------------------------

  CREATE TABLE "MEROOM"."REFUND" 
   (	"RF_IDX" NUMBER, 
	"R_IDX" VARCHAR2(50 BYTE), 
	"RF_INFO" VARCHAR2(100 BYTE), 
	"RF_MONEY" NUMBER, 
	"RF_CANCEL" VARCHAR2(20 BYTE)
   ) SEGMENT CREATION IMMEDIATE 
  PCTFREE 10 PCTUSED 40 INITRANS 1 MAXTRANS 255 NOCOMPRESS LOGGING
  STORAGE(INITIAL 65536 NEXT 1048576 MINEXTENTS 1 MAXEXTENTS 2147483645
  PCTINCREASE 0 FREELISTS 1 FREELIST GROUPS 1 BUFFER_POOL DEFAULT FLASH_CACHE DEFAULT CELL_FLASH_CACHE DEFAULT)
  TABLESPACE "SYSTEM" ;

   COMMENT ON COLUMN "MEROOM"."REFUND"."RF_IDX" IS '환불번호';
   COMMENT ON COLUMN "MEROOM"."REFUND"."R_IDX" IS '예약번호';
   COMMENT ON COLUMN "MEROOM"."REFUND"."RF_INFO" IS '취소사유';
   COMMENT ON COLUMN "MEROOM"."REFUND"."RF_MONEY" IS '환불금액';
   COMMENT ON COLUMN "MEROOM"."REFUND"."RF_CANCEL" IS '취소일시';
--------------------------------------------------------
--  DDL for Table RESERVATION
--------------------------------------------------------

  CREATE TABLE "MEROOM"."RESERVATION" 
   (	"R_IDX" VARCHAR2(50 BYTE), 
	"RM_NUMBER" NUMBER, 
	"MEMBERID" VARCHAR2(20 BYTE), 
	"R_APLCT_DATE" VARCHAR2(20 BYTE), 
	"R_START_DATE" VARCHAR2(20 BYTE), 
	"R_END_DATE" VARCHAR2(20 BYTE), 
	"R_AREA" VARCHAR2(20 BYTE)
   ) SEGMENT CREATION IMMEDIATE 
  PCTFREE 10 PCTUSED 40 INITRANS 1 MAXTRANS 255 NOCOMPRESS LOGGING
  STORAGE(INITIAL 65536 NEXT 1048576 MINEXTENTS 1 MAXEXTENTS 2147483645
  PCTINCREASE 0 FREELISTS 1 FREELIST GROUPS 1 BUFFER_POOL DEFAULT FLASH_CACHE DEFAULT CELL_FLASH_CACHE DEFAULT)
  TABLESPACE "SYSTEM" ;

   COMMENT ON COLUMN "MEROOM"."RESERVATION"."R_IDX" IS '예약번호';
   COMMENT ON COLUMN "MEROOM"."RESERVATION"."RM_NUMBER" IS '객실번호';
   COMMENT ON COLUMN "MEROOM"."RESERVATION"."MEMBERID" IS '회원아이디';
   COMMENT ON COLUMN "MEROOM"."RESERVATION"."R_APLCT_DATE" IS '신청날짜';
   COMMENT ON COLUMN "MEROOM"."RESERVATION"."R_START_DATE" IS '예약시작일';
   COMMENT ON COLUMN "MEROOM"."RESERVATION"."R_END_DATE" IS '예약종료일';
   COMMENT ON COLUMN "MEROOM"."RESERVATION"."R_AREA" IS '예약인원';
--------------------------------------------------------
--  DDL for Table REVIEW
--------------------------------------------------------

  CREATE TABLE "MEROOM"."REVIEW" 
   (	"RV_IDX" NUMBER, 
	"R_IDX" VARCHAR2(50 BYTE), 
	"MEMBERID" VARCHAR2(20 BYTE), 
	"RV_CONTENT" CLOB, 
	"RV_DATE" VARCHAR2(20 BYTE), 
	"SCORE" NUMBER
   ) SEGMENT CREATION IMMEDIATE 
  PCTFREE 10 PCTUSED 40 INITRANS 1 MAXTRANS 255 NOCOMPRESS LOGGING
  STORAGE(INITIAL 65536 NEXT 1048576 MINEXTENTS 1 MAXEXTENTS 2147483645
  PCTINCREASE 0 FREELISTS 1 FREELIST GROUPS 1 BUFFER_POOL DEFAULT FLASH_CACHE DEFAULT CELL_FLASH_CACHE DEFAULT)
  TABLESPACE "SYSTEM" 
 LOB ("RV_CONTENT") STORE AS BASICFILE (
  TABLESPACE "SYSTEM" ENABLE STORAGE IN ROW CHUNK 8192 RETENTION 
  NOCACHE LOGGING 
  STORAGE(INITIAL 65536 NEXT 1048576 MINEXTENTS 1 MAXEXTENTS 2147483645
  PCTINCREASE 0 FREELISTS 1 FREELIST GROUPS 1 BUFFER_POOL DEFAULT FLASH_CACHE DEFAULT CELL_FLASH_CACHE DEFAULT)) ;

   COMMENT ON COLUMN "MEROOM"."REVIEW"."RV_IDX" IS '후기번호';
   COMMENT ON COLUMN "MEROOM"."REVIEW"."R_IDX" IS '예약번호';
   COMMENT ON COLUMN "MEROOM"."REVIEW"."MEMBERID" IS '회원아이디';
   COMMENT ON COLUMN "MEROOM"."REVIEW"."RV_CONTENT" IS '내용';
   COMMENT ON COLUMN "MEROOM"."REVIEW"."RV_DATE" IS '등록일';
   COMMENT ON COLUMN "MEROOM"."REVIEW"."SCORE" IS '평점';
--------------------------------------------------------
--  DDL for Table REWARD
--------------------------------------------------------

  CREATE TABLE "MEROOM"."REWARD" 
   (	"REWARD_IDX" NUMBER, 
	"MEMBERID" VARCHAR2(100 BYTE), 
	"RE_CATEGORY" VARCHAR2(50 BYTE), 
	"POINT" NUMBER, 
	"REWARD_DATE" VARCHAR2(20 BYTE)
   ) SEGMENT CREATION IMMEDIATE 
  PCTFREE 10 PCTUSED 40 INITRANS 1 MAXTRANS 255 NOCOMPRESS LOGGING
  STORAGE(INITIAL 65536 NEXT 1048576 MINEXTENTS 1 MAXEXTENTS 2147483645
  PCTINCREASE 0 FREELISTS 1 FREELIST GROUPS 1 BUFFER_POOL DEFAULT FLASH_CACHE DEFAULT CELL_FLASH_CACHE DEFAULT)
  TABLESPACE "SYSTEM" ;

   COMMENT ON COLUMN "MEROOM"."REWARD"."REWARD_IDX" IS '적립번호';
   COMMENT ON COLUMN "MEROOM"."REWARD"."MEMBERID" IS '회원아이디';
   COMMENT ON COLUMN "MEROOM"."REWARD"."RE_CATEGORY" IS '적립내역';
   COMMENT ON COLUMN "MEROOM"."REWARD"."POINT" IS '적립금';
   COMMENT ON COLUMN "MEROOM"."REWARD"."REWARD_DATE" IS '적립날짜';
--------------------------------------------------------
--  DDL for Table ROOM
--------------------------------------------------------

  CREATE TABLE "MEROOM"."ROOM" 
   (	"RM_NUMBER" NUMBER, 
	"RM_KIND" VARCHAR2(30 BYTE), 
	"RM_AREA" VARCHAR2(20 BYTE), 
	"RM_INFO" VARCHAR2(1000 BYTE), 
	"FILE_NAME" VARCHAR2(500 BYTE), 
	"RM_PRICE" NUMBER
   ) SEGMENT CREATION IMMEDIATE 
  PCTFREE 10 PCTUSED 40 INITRANS 1 MAXTRANS 255 NOCOMPRESS LOGGING
  STORAGE(INITIAL 65536 NEXT 1048576 MINEXTENTS 1 MAXEXTENTS 2147483645
  PCTINCREASE 0 FREELISTS 1 FREELIST GROUPS 1 BUFFER_POOL DEFAULT FLASH_CACHE DEFAULT CELL_FLASH_CACHE DEFAULT)
  TABLESPACE "SYSTEM" ;

   COMMENT ON COLUMN "MEROOM"."ROOM"."RM_NUMBER" IS '객실번호';
   COMMENT ON COLUMN "MEROOM"."ROOM"."RM_KIND" IS '객실종류';
   COMMENT ON COLUMN "MEROOM"."ROOM"."RM_AREA" IS '객실인원';
   COMMENT ON COLUMN "MEROOM"."ROOM"."RM_INFO" IS '객실상세정보';
   COMMENT ON COLUMN "MEROOM"."ROOM"."FILE_NAME" IS '실제파일명';
   COMMENT ON COLUMN "MEROOM"."ROOM"."RM_PRICE" IS '가격';
REM INSERTING into MEROOM.ADMINREWARD
SET DEFINE OFF;
Insert into MEROOM.ADMINREWARD (RE_CATEGORY,REWARD_PER,REWARD_NUM) values ('회원가입',null,5000);
Insert into MEROOM.ADMINREWARD (RE_CATEGORY,REWARD_PER,REWARD_NUM) values ('숙박 후기 작성',null,100);
Insert into MEROOM.ADMINREWARD (RE_CATEGORY,REWARD_PER,REWARD_NUM) values ('원데이 클래스 후기 작성',null,100);
Insert into MEROOM.ADMINREWARD (RE_CATEGORY,REWARD_PER,REWARD_NUM) values ('원데이 클래스 예약',3,null);
Insert into MEROOM.ADMINREWARD (RE_CATEGORY,REWARD_PER,REWARD_NUM) values ('숙박 예약',3,null);
Insert into MEROOM.ADMINREWARD (RE_CATEGORY,REWARD_PER,REWARD_NUM) values ('숙박 예약 사용',null,null);
Insert into MEROOM.ADMINREWARD (RE_CATEGORY,REWARD_PER,REWARD_NUM) values ('원데이 클래스 예약 사용',null,null);
REM INSERTING into MEROOM.ANSWER
SET DEFINE OFF;
REM INSERTING into MEROOM.ENJOY
SET DEFINE OFF;
Insert into MEROOM.ENJOY (EID,ECATEGORY,ETITLE,ETEXT,EPHONE,ELOCATION,EPRICE,ETIME,EINFO,EFILEPATH) values (7,'ENTERTAINS','코인노래방','스트레스 해소에는 코인노래방','064-707-1486','건물 내 지하1층',null,'12:00 ~ 23:00','<p>500원 2곡</p><p>1000원 4곡</p><p><br></p><p>가족, 친구, 연인 누구나 즐길 수 있는 코인 노래방이 준비되어 있습니다.</p>','2021\11\21/s_61db35b9-9d6a-4143-8869-902a76562957_coinsing.jpg');
Insert into MEROOM.ENJOY (EID,ECATEGORY,ETITLE,ETEXT,EPHONE,ELOCATION,EPRICE,ETIME,EINFO,EFILEPATH) values (8,'ENTERTAINS','편의점','24시간 편의점','064-707-1487','건물 내 1층',null,'24시간내내','<p>고객들의 편리한 여행을 돕는 프리미엄 CU 미룸점에서는 여행용품 뿐 아니라,&nbsp;</p><p>스낵, 주류, 간단한 간식 등을 구매하실 수 있습니다.</p>','2021\11\21/s_ef7b14a7-fac8-40b1-8082-ba922da12d67_convenience.jpg');
Insert into MEROOM.ENJOY (EID,ECATEGORY,ETITLE,ETEXT,EPHONE,ELOCATION,EPRICE,ETIME,EINFO,EFILEPATH) values (9,'ENTERTAINS','코인세탁실','많은 이용부탁드립니다.','064-707-1488','건물 내 지하1층',null,'10:00 ~ 22:00','<p>합리적인 비용으로 세탁과 건조가 가능한 코인 세탁실이 마련되어 있습니다.</p><p><br></p><p>가격</p><p>세탁: 3,000원 / 1회 건조: 3,000원 / 1회 세제: 1,000원</p><p>코인 세탁기, 코인 건조기, 세제 자판기, 동전 교환기</p>','2021\11\21/s_87ce3259-15ab-44ef-9f27-0da0214de139_coinlaundry.jpg');
Insert into MEROOM.ENJOY (EID,ECATEGORY,ETITLE,ETEXT,EPHONE,ELOCATION,EPRICE,ETIME,EINFO,EFILEPATH) values (1,'FOODS','미룸 다이닝룸','제주 천연의 신선한 식재료로 조리한 아트작품과도 같은 세프의 요리 미학으로 당신의 오감을 만족시켜드립니다.','064-707-1480','건물 내 2층',' ','10:00 ~ 20:00','<p>아침 1인 20,000원</p><p>점심 1인 25,000원</p>','2021\11\21/s_b7ca9814-4357-4eba-aba2-e84a97ffb818_dining.jpg');
Insert into MEROOM.ENJOY (EID,ECATEGORY,ETITLE,ETEXT,EPHONE,ELOCATION,EPRICE,ETIME,EINFO,EFILEPATH) values (2,'FOODS','도렐카페','맛있는 원두! 특별한 카페 도렐의 맛을 즐겨보세요','064-707-1481','건물 내 1층',' ','08:30 ~ 20:30','<p>어려운 말들로 포장된 커피가 아닌 조금 더 좋은 커피를 많은 대중에게 친숙하게 전달하는 도렐</p><p>직관적이며 유연한 맛의 커피, 도렐의 커피는 과일이며 과일잼 같은 커피입니다.<br></p>.','2021\11\21/s_95eb68e3-9727-4431-85a6-00a0f82750f1_dorrell.jpg');
Insert into MEROOM.ENJOY (EID,ECATEGORY,ETITLE,ETEXT,EPHONE,ELOCATION,EPRICE,ETIME,EINFO,EFILEPATH) values (3,'FOODS','아우어 베이커리','빵집 중에 당연 으뜸 아우어베리커리','064-707-1482','건물 내 1층',' ','10:00 ~ 22:00','<p>남녀노소 누구나 다 좋아하는 아우어 베리커리<br></p><p>아우어 베이커리만의 특별한 빵을 만나보세요.</p><p>형먼저 아우어 먼저</p>.','2021\11\21/s_cdea8b0e-214c-4825-bef3-128ec3bc0b25_our.jpg ');
Insert into MEROOM.ENJOY (EID,ECATEGORY,ETITLE,ETEXT,EPHONE,ELOCATION,EPRICE,ETIME,EINFO,EFILEPATH) values (4,'FOODS','스피닝 울프','맥주와 나쵸가 맛있는 스피닝 울프','064-707-1483','건물 내 1층',' ','17:00 ~ 24:00','<p>주류 트렌드를 제주에서 가장 먼저 만나볼 수 있는 편집샵이자</p><p>음악과 이야기와 춤과 마음이 떠들석하게 어울러지는 펍</p><p>시원한 맥주와 야무진 셰프의 요리가 더해지면 더할 나위 없는 시간이 됩니다.</p>','2021\11\21/s_f9f296b1-58e0-4932-b3f6-70ebd8bfce68_spinningworf.jpg ');
Insert into MEROOM.ENJOY (EID,ECATEGORY,ETITLE,ETEXT,EPHONE,ELOCATION,EPRICE,ETIME,EINFO,EFILEPATH) values (5,'ENTERTAINS','미룸 물놀이장','바다를 보며 수영이 가능하고 따듯한 스파 이용이가능한 미룸','064-707-1484','부대 내 1층',' ','10:00 ~ 19:00','<p>미룸의 수영장은 부드러운 자연 채광이 드는 쾌적하고 깔끔한 실내외 수영장으로</p><p> 고객에게 편안한 휴식을 제공합니다.</p><p>투숙객 한하여 이용가능</p><p>만 13세 미만은 보호자 동반 시 입장&nbsp; 가능</p><p>유아 안전용 튜브 및 구명조끼를 제외한 대형뷰트, 물놀이 용품 반입 금지</p><p>수영장 내 음식물 반입 금지</p>','2021\11\21/s_6b0b0908-0690-48c8-a8e0-8cafebb3e1ec_swimming2.jpg ');
Insert into MEROOM.ENJOY (EID,ECATEGORY,ETITLE,ETEXT,EPHONE,ELOCATION,EPRICE,ETIME,EINFO,EFILEPATH) values (6,'ENTERTAINS','GYM','근손실을 방지하자','064-707-1485','건물 내 3층',null,'10:00 ~ 22:00','<p>다양한 헬스 기구와 전문 트레이너의 세심한 지도를 통해 근력 강화, 체중 감소,</p><p>유연성 강화 등 전체적인 몸의 밸런스 및 건강을 유지시켜 드립니다.</p><p>개인의 체력에 맞춘 전문 트레이너의 처방은 운동의 즐거움이 배가시켜 드립니다.</p><p><br></p><p>헬스장은 만 16세 이상부터 이용이 가능합니다.</p>','2021\11\21/s_8f871f24-d4d5-4a8f-a4fe-5b63ef698fdb_gym1.jpg');
REM INSERTING into MEROOM.EVENT
SET DEFINE OFF;
Insert into MEROOM.EVENT (EV_IDX,EV_TITLE,EV_SUBTITLE,EV_THUMBNAIL,EV_REGDATE) values (6,'미룸 가입 이벤트 5000원 ','미룸 가입 첫 고객 5000원 증정','2021\11\22/s_574af12f-b038-48e4-af5e-a3f44b887e28_point.jpg',to_date('2021/11/22','YYYY/MM/DD'));
Insert into MEROOM.EVENT (EV_IDX,EV_TITLE,EV_SUBTITLE,EV_THUMBNAIL,EV_REGDATE) values (7,'후기 이벤트','미룸 후기를 써주세요!','2021\11\22/s_d353ed17-7ba5-495d-b087-75e146accf0e_candle.jpg',to_date('2021/11/22','YYYY/MM/DD'));
Insert into MEROOM.EVENT (EV_IDX,EV_TITLE,EV_SUBTITLE,EV_THUMBNAIL,EV_REGDATE) values (8,'미룸 크리스마스 이벤트','스파클링 증정 이벤트','2021\11\22/s_aa489d9c-a220-43a2-b2cf-b031292407e1_sparkling.jpg',to_date('2021/11/22','YYYY/MM/DD'));
Insert into MEROOM.EVENT (EV_IDX,EV_TITLE,EV_SUBTITLE,EV_THUMBNAIL,EV_REGDATE) values (9,'크리스마스 식사권 이벤트 ','크리스마스 당일 식사권 증정','2021\11\22/s_54e90126-0621-4979-b4f5-988f37e3203a_gift.jpg',to_date('2021/11/22','YYYY/MM/DD'));
Insert into MEROOM.EVENT (EV_IDX,EV_TITLE,EV_SUBTITLE,EV_THUMBNAIL,EV_REGDATE) values (4,'카페 아메리카노 한잔 무료 이벤트 ','미룸 숙박고객에게 드리는 이벤트 ','2021\11\22/s_d4535936-f9d5-4d8e-814f-af44adb7fc76_coffee.jpg',to_date('2021/11/22','YYYY/MM/DD'));
Insert into MEROOM.EVENT (EV_IDX,EV_TITLE,EV_SUBTITLE,EV_THUMBNAIL,EV_REGDATE) values (5,'미룸 인스타그램 이벤트','미룸 1박 이용 이벤트 ','2021\11\22/s_7db504e4-c6b0-4af6-ac69-3e958dcf3ddf_room_event3.jpg',to_date('2021/11/22','YYYY/MM/DD'));
Insert into MEROOM.EVENT (EV_IDX,EV_TITLE,EV_SUBTITLE,EV_THUMBNAIL,EV_REGDATE) values (10,'깨끗한 제주를 위해','미룸 굿즈 이벤트','2021\11\22/s_a7f1dec5-9294-4fbc-a0fa-e93371c4e90b_gift2.jpg',to_date('2021/11/22','YYYY/MM/DD'));
Insert into MEROOM.EVENT (EV_IDX,EV_TITLE,EV_SUBTITLE,EV_THUMBNAIL,EV_REGDATE) values (11,'미룸 인 제주 x더퓨어로터스','미룸 인 제주 x 더퓨어로터스','2021\11\22/s_2f2b72a6-788d-4ae5-adc6-e5e3f74c0b30_cosmetic44.jpg',to_date('2021/11/22','YYYY/MM/DD'));
REM INSERTING into MEROOM.FA
SET DEFINE OFF;
Insert into MEROOM.FA (F_IDX,F_TITLE) values (52,'교통편 문의');
Insert into MEROOM.FA (F_IDX,F_TITLE) values (54,'결제는 신용카드로만 가능한가요?');
Insert into MEROOM.FA (F_IDX,F_TITLE) values (53,'홈페이지에서 예약 확인은 어떻게 하나요?');
Insert into MEROOM.FA (F_IDX,F_TITLE) values (55,' 체크인, 체크아웃 시간이 어떻게 되나요?');
REM INSERTING into MEROOM.MEMBER
SET DEFINE OFF;
Insert into MEROOM.MEMBER (MEMBERID,PASSWORD,PHONE,ADDRESS,BIRTH,JOINDATE,NICKNAME,EMAIL,NAME,WTHDRDATE) values ('qkrtkdals123',null,'01071601111','경기 안성시 원곡면 금노길 2-3, 8-2','2021-11-06','2021/11/18','박상민','dsds@naver.com','Sangmin Park','2021/11/18');
Insert into MEROOM.MEMBER (MEMBERID,PASSWORD,PHONE,ADDRESS,BIRTH,JOINDATE,NICKNAME,EMAIL,NAME,WTHDRDATE) values ('qkrtkdals1',null,'01011111111','경기 안성시 원곡면 금노길 2-3, 8-2','2021-11-10','2021/11/18','박상민','dsds@naver.com','박상민','2021/11/18');
Insert into MEROOM.MEMBER (MEMBERID,PASSWORD,PHONE,ADDRESS,BIRTH,JOINDATE,NICKNAME,EMAIL,NAME,WTHDRDATE) values ('qkrtkda','qkrtkdals!1','01011111111','경기 안성시 원곡면 금노길 2-3, 8-2','2021-11-09','2021/11/18','박상민','dsds@naver.com','박상민',null);
Insert into MEROOM.MEMBER (MEMBERID,PASSWORD,PHONE,ADDRESS,BIRTH,JOINDATE,NICKNAME,EMAIL,NAME,WTHDRDATE) values ('akdgkr1',null,'01011111111','인천 동구 금곡로 1,  8-21','2015-11-03','2021/11/19','박상민','dsds@naver.com','박상민','2021/11/23');
Insert into MEROOM.MEMBER (MEMBERID,PASSWORD,PHONE,ADDRESS,BIRTH,JOINDATE,NICKNAME,EMAIL,NAME,WTHDRDATE) values ('akdrhtn1','qkrtkdals!1','01011111111','경기 안성시 원곡면 금노길 2-3,   8-2','1996-11-13','2021/11/19','김김김','dsds@naver.com','김김김',null);
Insert into MEROOM.MEMBER (MEMBERID,PASSWORD,PHONE,ADDRESS,BIRTH,JOINDATE,NICKNAME,EMAIL,NAME,WTHDRDATE) values ('akdrhtn12','qkrtkdals!1','01011111111','경기 남양주시 경춘로 851, 8-2','2005-11-15','2021/11/19','박상민','dsds@naver.com','박상민',null);
Insert into MEROOM.MEMBER (MEMBERID,PASSWORD,PHONE,ADDRESS,BIRTH,JOINDATE,NICKNAME,EMAIL,NAME,WTHDRDATE) values ('akdrhtn3','qkrtkdals!1','01011111111','서울 강서구 금낭화로 1, 8-2','2021-11-12','2021/11/19','aksdw','dsds@naver.com','박상민',null);
Insert into MEROOM.MEMBER (MEMBERID,PASSWORD,PHONE,ADDRESS,BIRTH,JOINDATE,NICKNAME,EMAIL,NAME,WTHDRDATE) values ('akdrhtn123','qkrtkdals!1','01011111111','경기 안성시 원곡면 금노길 2-3, 8-2','2002-11-06','2021/11/19','박상민','dsds@naver.com','박상민',null);
Insert into MEROOM.MEMBER (MEMBERID,PASSWORD,PHONE,ADDRESS,BIRTH,JOINDATE,NICKNAME,EMAIL,NAME,WTHDRDATE) values ('akdrhtn34','qkrtkdals!1','01011111111','경기 안성시 원곡면 금노길 2-3, 8-2','2021-11-03','2021/11/19','ㅂㅂㅂ','dsds@naver.com','박상민',null);
Insert into MEROOM.MEMBER (MEMBERID,PASSWORD,PHONE,ADDRESS,BIRTH,JOINDATE,NICKNAME,EMAIL,NAME,WTHDRDATE) values ('akdrhtn1234','qkrtkdals!1','01011111111','경기 안성시 원곡면 금노길 2-3, 8-2','2021-11-13','2021/11/19','박상민','dsds@naver.com','박상민',null);
Insert into MEROOM.MEMBER (MEMBERID,PASSWORD,PHONE,ADDRESS,BIRTH,JOINDATE,NICKNAME,EMAIL,NAME,WTHDRDATE) values ('akdrhtn12345','qkrtkdals!1','01011111111','경기 안성시 원곡면 칠곡리 151-2, 8-2','2021-11-03','2021/11/20','박상민','dsds@naver.com','박상민',null);
Insert into MEROOM.MEMBER (MEMBERID,PASSWORD,PHONE,ADDRESS,BIRTH,JOINDATE,NICKNAME,EMAIL,NAME,WTHDRDATE) values ('akdrhtn12345678','qkrtkdals!1','01011111111','경기 안성시 원곡면 금노길 2-3, 8-2','2021-11-02','2021/11/22','박상민','dsds@naver.com','박상민',null);
Insert into MEROOM.MEMBER (MEMBERID,PASSWORD,PHONE,ADDRESS,BIRTH,JOINDATE,NICKNAME,EMAIL,NAME,WTHDRDATE) values ('2002820742@k',null,'01011111111','세종특별자치시 연동면 내송길 5, 8-2','2021-11-11','2021/11/22','박상민','dsds@naver.com','박상민',null);
Insert into MEROOM.MEMBER (MEMBERID,PASSWORD,PHONE,ADDRESS,BIRTH,JOINDATE,NICKNAME,EMAIL,NAME,WTHDRDATE) values ('akdgkr1234','qkrtkdals!1','01011111111','경기 안성시 원곡면 금노길 2-3, 8-2','2021-11-11','2021/11/23','김가가','dsds@naver.com','박상민',null);
Insert into MEROOM.MEMBER (MEMBERID,PASSWORD,PHONE,ADDRESS,BIRTH,JOINDATE,NICKNAME,EMAIL,NAME,WTHDRDATE) values ('ADMIN','ADMIN!1','01023311243','관리자 주소','2021-11-01','2021/11/23','관리자','dsds@naver.com','관리자','2021/11/23');
Insert into MEROOM.MEMBER (MEMBERID,PASSWORD,PHONE,ADDRESS,BIRTH,JOINDATE,NICKNAME,EMAIL,NAME,WTHDRDATE) values ('akdgkr12345','qkrtkdals!1','01011111111','경기 안성시 원곡면 금노길 2-3, 8-2','2021-11-06','2021/11/23','감감감','dsds@naver.com','박상민',null);
Insert into MEROOM.MEMBER (MEMBERID,PASSWORD,PHONE,ADDRESS,BIRTH,JOINDATE,NICKNAME,EMAIL,NAME,WTHDRDATE) values ('akdgkr123456','qkrtkdals!1','01071607160','경기 안성시 원곡면 금노길 2-3, 8-2','2021-11-24','2021/11/23','박상민','dsds@naver.com','Sangmin Park',null);
Insert into MEROOM.MEMBER (MEMBERID,PASSWORD,PHONE,ADDRESS,BIRTH,JOINDATE,NICKNAME,EMAIL,NAME,WTHDRDATE) values ('akdgkr1234567','qkrtkdals!1','01071607160','경기 안성시 원곡면 금노길 2-3, 8-2','2021-11-03','2021/11/23','박상민','dsds@naver.com','박상민',null);
Insert into MEROOM.MEMBER (MEMBERID,PASSWORD,PHONE,ADDRESS,BIRTH,JOINDATE,NICKNAME,EMAIL,NAME,WTHDRDATE) values ('akd1234','qkrtkdals!1','01011111111','경기 남양주시 경춘로 851, 8-2','2021-11-20','2021/11/23','박상','dsds@naver.com','박상민',null);
Insert into MEROOM.MEMBER (MEMBERID,PASSWORD,PHONE,ADDRESS,BIRTH,JOINDATE,NICKNAME,EMAIL,NAME,WTHDRDATE) values ('akdrhtn123456','qkrtkdals!1','01022222222','경기 안성시 원곡면 금노길 2-3, 8-2','2021-11-12','2021/11/23','김구구','dsds@naver.com','박상민',null);
Insert into MEROOM.MEMBER (MEMBERID,PASSWORD,PHONE,ADDRESS,BIRTH,JOINDATE,NICKNAME,EMAIL,NAME,WTHDRDATE) values ('akdrh55','qkrtkdals!1','01011111111','경기 안성시 원곡면 금노길 2-3, 8-2','2021-11-13','2021/11/23','박상민','dsds@naver.com','박상민',null);
Insert into MEROOM.MEMBER (MEMBERID,PASSWORD,PHONE,ADDRESS,BIRTH,JOINDATE,NICKNAME,EMAIL,NAME,WTHDRDATE) values ('bit1234','oen0xD','01095839525','경기 안성시 원곡면 금노길 2-3, 8-2','2003-11-05','2021/11/23','비트캠프','sangmin159@naver.com','비트캠프',null);
Insert into MEROOM.MEMBER (MEMBERID,PASSWORD,PHONE,ADDRESS,BIRTH,JOINDATE,NICKNAME,EMAIL,NAME,WTHDRDATE) values ('akdrhtn11234','qkrtkdals!1','01071607160','경기 안성시 원곡면 금노길 2-3, 8-2','2021-11-23','2021/11/23','박상민','dsds@naver.com','Sangmin Park',null);
Insert into MEROOM.MEMBER (MEMBERID,PASSWORD,PHONE,ADDRESS,BIRTH,JOINDATE,NICKNAME,EMAIL,NAME,WTHDRDATE) values ('akdrhtn1234567','qkrtkdals!1','01071607160','경기 안성시 원곡면 금노길 2-3, 8-2','2021-11-23','2021/11/23','박상민','dsds@naver.com','박상민',null);
Insert into MEROOM.MEMBER (MEMBERID,PASSWORD,PHONE,ADDRESS,BIRTH,JOINDATE,NICKNAME,EMAIL,NAME,WTHDRDATE) values ('akdgkr12345677','qkrtkdals!1','01071607160','경기 안성시 원곡면 금노길 2-3, 8-2','2021-11-23','2021/11/23','박상','dsds@naver.com','박상민11',null);
Insert into MEROOM.MEMBER (MEMBERID,PASSWORD,PHONE,ADDRESS,BIRTH,JOINDATE,NICKNAME,EMAIL,NAME,WTHDRDATE) values ('bit12334','qkrtkdals!1','01012232111','서울 강서구 금낭화로 1, 8-2','2021-11-06','2021/11/23','박상민','sangmin159@naver.com','박상민',null);
REM INSERTING into MEROOM.NEWS
SET DEFINE OFF;
Insert into MEROOM.NEWS (NE_IDX,NE_TITLE,NE_SUBTITLE,NE_THUMBNAIL,NE_REGDATE) values (5,'11월 미룸과 보내는 가을','천천히 제주 가을 속을 걷기','2021\11\22/s_086fff6f-71dc-4384-8b1a-c13cac7cbe93_fall24.jpg',to_date('2021/11/22','YYYY/MM/DD'));
Insert into MEROOM.NEWS (NE_IDX,NE_TITLE,NE_SUBTITLE,NE_THUMBNAIL,NE_REGDATE) values (6,' 12월 미룸과 보내는 겨울','미룸에서 준비한 음악 공연','2021\11\22/s_e485a4ed-3632-4e2e-ae7d-051ec12c76a0_vinyl.jpg',to_date('2021/11/22','YYYY/MM/DD'));
Insert into MEROOM.NEWS (NE_IDX,NE_TITLE,NE_SUBTITLE,NE_THUMBNAIL,NE_REGDATE) values (3,'떠나가는 가을','미룸에서 추억을 만들어보세요.','2021\11\22/s_804ad1db-bad3-4f0f-b9bb-975b20841057_fallfall.jpg',to_date('2021/11/22','YYYY/MM/DD'));
Insert into MEROOM.NEWS (NE_IDX,NE_TITLE,NE_SUBTITLE,NE_THUMBNAIL,NE_REGDATE) values (7,'미룸 제주 겨울 액티비티 ','이한치한 겨울 액티비티 즐기기','2021\11\22/s_711572a0-2499-42a3-a3ea-79f111ac301d_snowman.jpg',to_date('2021/11/22','YYYY/MM/DD'));
Insert into MEROOM.NEWS (NE_IDX,NE_TITLE,NE_SUBTITLE,NE_THUMBNAIL,NE_REGDATE) values (8,'미룸 주변 맛집 추천','제주 현지인의 추천하는 맛집','2021\11\22/s_f3880d79-e454-45a8-a9de-2135bf04288c_latte.jpg',to_date('2021/11/22','YYYY/MM/DD'));
Insert into MEROOM.NEWS (NE_IDX,NE_TITLE,NE_SUBTITLE,NE_THUMBNAIL,NE_REGDATE) values (9,'감귤향이 퍼지는 제주','제주 액티비티 추천','2021\11\22/s_ddfbd388-c20d-4518-85fe-a2ab34ef1171_Mandarin.jpg',to_date('2021/11/22','YYYY/MM/DD'));
REM INSERTING into MEROOM.ONEDAYCLASS
SET DEFINE OFF;
Insert into MEROOM.ONEDAYCLASS (O_IDX,O_CATEGORY,O_NAME,O_DATE,O_TIME,O_LOCATION,O_PRICE,O_CNT,O_IMG) values (86,'힐링','콤마요가','2021/11/29,2021/11/30,2021/12/01,2021/12/02,','09:00','미룸 액티비티 라운지',20000,5,'2021\11\22/s_bc79d03d-bf14-4ba5-a406-473e55c22595_IMG_8963.jpg');
Insert into MEROOM.ONEDAYCLASS (O_IDX,O_CATEGORY,O_NAME,O_DATE,O_TIME,O_LOCATION,O_PRICE,O_CNT,O_IMG) values (85,'DIY','감귤따기 체험 + 감귤청 만들기','2021/11/25,2021/11/26,2021/11/29,2021/11/30,','11:00','미룸 액티비티 라운지',50000,10,'2021\11\22/s_c950ec7c-e5b0-41e0-abed-9f6ceb958e07_KakaoTalk_20211114_201737307.jpg');
Insert into MEROOM.ONEDAYCLASS (O_IDX,O_CATEGORY,O_NAME,O_DATE,O_TIME,O_LOCATION,O_PRICE,O_CNT,O_IMG) values (80,'액티비티','야간 오름 트레킹','2021/11/25,2021/11/26,,,','19:30','미룸 액티비티 라운지',35000,10,'2021\11\22/s_f506c030-9192-45a3-9400-779b045b4e42_DSC09063.jpg');
Insert into MEROOM.ONEDAYCLASS (O_IDX,O_CATEGORY,O_NAME,O_DATE,O_TIME,O_LOCATION,O_PRICE,O_CNT,O_IMG) values (83,'액티비티','[김녕] 요트 투어','2021/11/25,2021/11/26,2021/11/29,2021/11/30,','11:00','김녕요트투어 (제주시 구좌읍 김녕리 4212-1)',48000,10,'2021\11\22/s_55efd306-2cf9-49f3-9930-a9412c654b9f_KakaoTalk_20210326_145423429_07.jpg');
Insert into MEROOM.ONEDAYCLASS (O_IDX,O_CATEGORY,O_NAME,O_DATE,O_TIME,O_LOCATION,O_PRICE,O_CNT,O_IMG) values (77,'힐링','하루의 마무리 ''마인드 샤워''','2021/11/25,2021/11/26,2021/11/29,2021/11/30,','20:00','미룸 액티비티 라운지',25000,7,'2021\11\22/s_06f61aa6-874d-414e-8e73-2ccf92369546_355ff6b3-5081-4535-a233-132ae75d1b97_요가썸네일2.jpg');
Insert into MEROOM.ONEDAYCLASS (O_IDX,O_CATEGORY,O_NAME,O_DATE,O_TIME,O_LOCATION,O_PRICE,O_CNT,O_IMG) values (84,'DIY','[조천] 우드카빙','2021/11/25,2021/11/26,2021/11/29,2021/11/30,2021/12/01','14:00','ZIP트리스쿨 (제주특별자치도 제주시 조천읍 선진길 88)',50000,8,'2021\11\22/s_eb54c4dd-18c4-469e-b73e-aa187930c729_KakaoTalk_Image_2021-03-15-16-50-48_028.jpeg');
REM INSERTING into MEROOM.O_PAYMENT
SET DEFINE OFF;
Insert into MEROOM.O_PAYMENT (OP_IDX,OR_IDX,OP_MONEY,OP_DATE,OP_METHOD,OP_POINT) values ('3911742','1211021173817704',100,to_date('2021/11/21','YYYY/MM/DD'),'point',1000);
Insert into MEROOM.O_PAYMENT (OP_IDX,OR_IDX,OP_MONEY,OP_DATE,OP_METHOD,OP_POINT) values ('8215640','12110234816535',100,to_date('2021/11/23','YYYY/MM/DD'),'point',0);
Insert into MEROOM.O_PAYMENT (OP_IDX,OR_IDX,OP_MONEY,OP_DATE,OP_METHOD,OP_POINT) values ('8839237','121102341947758',100,to_date('2021/11/23','YYYY/MM/DD'),'point',0);
Insert into MEROOM.O_PAYMENT (OP_IDX,OR_IDX,OP_MONEY,OP_DATE,OP_METHOD,OP_POINT) values ('4434437','121102311275231',100,to_date('2021/11/23','YYYY/MM/DD'),'point',0);
Insert into MEROOM.O_PAYMENT (OP_IDX,OR_IDX,OP_MONEY,OP_DATE,OP_METHOD,OP_POINT) values ('5132096','1211023113846933',100,to_date('2021/11/23','YYYY/MM/DD'),'point',0);
Insert into MEROOM.O_PAYMENT (OP_IDX,OR_IDX,OP_MONEY,OP_DATE,OP_METHOD,OP_POINT) values ('8586469','1211023123621335',100,to_date('2021/11/23','YYYY/MM/DD'),'point',0);
Insert into MEROOM.O_PAYMENT (OP_IDX,OR_IDX,OP_MONEY,OP_DATE,OP_METHOD,OP_POINT) values ('9504084','1211023125139405',100,to_date('2021/11/23','YYYY/MM/DD'),'point',0);
Insert into MEROOM.O_PAYMENT (OP_IDX,OR_IDX,OP_MONEY,OP_DATE,OP_METHOD,OP_POINT) values ('9750068','1211023125544503',100,to_date('2021/11/23','YYYY/MM/DD'),'point',0);
Insert into MEROOM.O_PAYMENT (OP_IDX,OR_IDX,OP_MONEY,OP_DATE,OP_METHOD,OP_POINT) values ('5468299','1211023143051757',100,to_date('2021/11/23','YYYY/MM/DD'),'point',0);
Insert into MEROOM.O_PAYMENT (OP_IDX,OR_IDX,OP_MONEY,OP_DATE,OP_METHOD,OP_POINT) values ('5811795','1211023143645697',96000,to_date('2021/11/23','YYYY/MM/DD'),'point',0);
Insert into MEROOM.O_PAYMENT (OP_IDX,OR_IDX,OP_MONEY,OP_DATE,OP_METHOD,OP_POINT) values ('9998004','121102315468157',25000,to_date('2021/11/23','YYYY/MM/DD'),'point',0);
REM INSERTING into MEROOM.O_REFUND
SET DEFINE OFF;
Insert into MEROOM.O_REFUND (ORF_IDX,OR_IDX,ORF_MONEY,ORF_DATE) values (1,'121102115149709',-3000,'21/11/21');
Insert into MEROOM.O_REFUND (ORF_IDX,OR_IDX,ORF_MONEY,ORF_DATE) values (2,'121102115149709',-3000,'21/11/21');
Insert into MEROOM.O_REFUND (ORF_IDX,OR_IDX,ORF_MONEY,ORF_DATE) values (3,'121102115149709',-3000,'21/11/21');
Insert into MEROOM.O_REFUND (ORF_IDX,OR_IDX,ORF_MONEY,ORF_DATE) values (4,'121102115149709',-3000,'21/11/21');
Insert into MEROOM.O_REFUND (ORF_IDX,OR_IDX,ORF_MONEY,ORF_DATE) values (5,'121102115149709',-3000,'21/11/21');
Insert into MEROOM.O_REFUND (ORF_IDX,OR_IDX,ORF_MONEY,ORF_DATE) values (6,'121102115149709',-3000,'21/11/21');
REM INSERTING into MEROOM.O_RESERVATION
SET DEFINE OFF;
Insert into MEROOM.O_RESERVATION (OR_IDX,O_IDX,MEMBERID,OR_DATE,OR_TIME,OR_COUNT) values ('1211021173817704',77,null,'2021/11/23','20:00',3);
Insert into MEROOM.O_RESERVATION (OR_IDX,O_IDX,MEMBERID,OR_DATE,OR_TIME,OR_COUNT) values ('121102311275231',77,'비트캠프','2021/11/25','20:00',1);
Insert into MEROOM.O_RESERVATION (OR_IDX,O_IDX,MEMBERID,OR_DATE,OR_TIME,OR_COUNT) values ('12110234816535',86,'akdgkr1','2021/11/29','09:00',1);
Insert into MEROOM.O_RESERVATION (OR_IDX,O_IDX,MEMBERID,OR_DATE,OR_TIME,OR_COUNT) values ('121102341947758',77,'akdgkr1','2021/11/25','20:00',1);
Insert into MEROOM.O_RESERVATION (OR_IDX,O_IDX,MEMBERID,OR_DATE,OR_TIME,OR_COUNT) values ('1211023123621335',86,'박상민','2021/11/29','09:00',1);
Insert into MEROOM.O_RESERVATION (OR_IDX,O_IDX,MEMBERID,OR_DATE,OR_TIME,OR_COUNT) values ('1211023113846933',77,'비트캠프','2021/11/25','20:00',2);
Insert into MEROOM.O_RESERVATION (OR_IDX,O_IDX,MEMBERID,OR_DATE,OR_TIME,OR_COUNT) values ('1211023125139405',86,'비트캠프','2021/11/30','09:00',1);
Insert into MEROOM.O_RESERVATION (OR_IDX,O_IDX,MEMBERID,OR_DATE,OR_TIME,OR_COUNT) values ('1211023125544503',86,'bit1234','2021/11/29','09:00',1);
Insert into MEROOM.O_RESERVATION (OR_IDX,O_IDX,MEMBERID,OR_DATE,OR_TIME,OR_COUNT) values ('1211023143051757',84,'bit1234','2021/11/26','14:00',2);
Insert into MEROOM.O_RESERVATION (OR_IDX,O_IDX,MEMBERID,OR_DATE,OR_TIME,OR_COUNT) values ('1211023143645697',83,'bit1234','2021/11/25','11:00',2);
Insert into MEROOM.O_RESERVATION (OR_IDX,O_IDX,MEMBERID,OR_DATE,OR_TIME,OR_COUNT) values ('121102315468157',77,'bit1234','2021/11/25','20:00',1);
REM INSERTING into MEROOM.PAYMENT
SET DEFINE OFF;
Insert into MEROOM.PAYMENT (PAY_IDX,R_IDX,PRICE,PAY_DATE,PAY_MNS,PAY_POINT) values ('3799776','23111385540',252836,to_date('2021/11/23','YYYY/MM/DD'),'point',-2836);
Insert into MEROOM.PAYMENT (PAY_IDX,R_IDX,PRICE,PAY_DATE,PAY_MNS,PAY_POINT) values ('3224476','22106599970',139721,to_date('2021/11/22','YYYY/MM/DD'),'point',10279);
Insert into MEROOM.PAYMENT (PAY_IDX,R_IDX,PRICE,PAY_DATE,PAY_MNS,PAY_POINT) values ('5066244','221037361880',145808,to_date('2021/11/22','YYYY/MM/DD'),'point',4192);
Insert into MEROOM.PAYMENT (PAY_IDX,R_IDX,PRICE,PAY_DATE,PAY_MNS,PAY_POINT) values ('4286397','231124392000',248000,to_date('2021/11/23','YYYY/MM/DD'),'point',2000);
Insert into MEROOM.PAYMENT (PAY_IDX,R_IDX,PRICE,PAY_DATE,PAY_MNS,PAY_POINT) values ('6706689','22531417300',245896,to_date('2021/11/22','YYYY/MM/DD'),'point',4104);
Insert into MEROOM.PAYMENT (PAY_IDX,R_IDX,PRICE,PAY_DATE,PAY_MNS,PAY_POINT) values ('4567572','23112978370',299000,to_date('2021/11/23','YYYY/MM/DD'),'point',1000);
Insert into MEROOM.PAYMENT (PAY_IDX,R_IDX,PRICE,PAY_DATE,PAY_MNS,PAY_POINT) values ('6097963','2362129860',145000,to_date('2021/11/23','YYYY/MM/DD'),'point',5000);
Insert into MEROOM.PAYMENT (PAY_IDX,R_IDX,PRICE,PAY_DATE,PAY_MNS,PAY_POINT) values ('9167315','23959239990',238775,to_date('2021/11/23','YYYY/MM/DD'),'point',11225);
Insert into MEROOM.PAYMENT (PAY_IDX,R_IDX,PRICE,PAY_DATE,PAY_MNS,PAY_POINT) values ('4938412','231135291470',148000,to_date('2021/11/23','YYYY/MM/DD'),'point',2000);
Insert into MEROOM.PAYMENT (PAY_IDX,R_IDX,PRICE,PAY_DATE,PAY_MNS,PAY_POINT) values ('8471416','23034284060',150000,to_date('2021/11/23','YYYY/MM/DD'),'point',0);
Insert into MEROOM.PAYMENT (PAY_IDX,R_IDX,PRICE,PAY_DATE,PAY_MNS,PAY_POINT) values ('8982633','23042569150',499000,to_date('2021/11/23','YYYY/MM/DD'),'point',1000);
Insert into MEROOM.PAYMENT (PAY_IDX,R_IDX,PRICE,PAY_DATE,PAY_MNS,PAY_POINT) values ('9305629','23048203710',145000,to_date('2021/11/23','YYYY/MM/DD'),'point',5000);
Insert into MEROOM.PAYMENT (PAY_IDX,R_IDX,PRICE,PAY_DATE,PAY_MNS,PAY_POINT) values ('5975768','23239299140',150000,to_date('2021/11/23','YYYY/MM/DD'),'point',0);
Insert into MEROOM.PAYMENT (PAY_IDX,R_IDX,PRICE,PAY_DATE,PAY_MNS,PAY_POINT) values ('8343146','23318583370',248000,to_date('2021/11/23','YYYY/MM/DD'),'point',2000);
Insert into MEROOM.PAYMENT (PAY_IDX,R_IDX,PRICE,PAY_DATE,PAY_MNS,PAY_POINT) values ('9808114','23343156360',146000,to_date('2021/11/23','YYYY/MM/DD'),'point',4000);
REM INSERTING into MEROOM.PLACE
SET DEFINE OFF;
Insert into MEROOM.PLACE (PID,PTITLE,PTIME,PPHONE,PLOCATION,PTHUMB,PCONTENT,PFILEPATH,PLAT,PLNG,PTEXT) values (3,'비자림','10:00 ~ 20:00','064-710-7912','제주시 구좌읍 비자숲길 55',null,'<p><br></p>','2021\11\19/s_4de02729-ba0f-4416-a632-e16189bdff5f_bizarim.jpg','33.48559985217574','126.80846876443752','나무가 울창한 비자림');
Insert into MEROOM.PLACE (PID,PTITLE,PTIME,PPHONE,PLOCATION,PTHUMB,PCONTENT,PFILEPATH,PLAT,PLNG,PTEXT) values (4,'월정리','10:00 ~ 20:00','064-729-3988','제주시 구좌읍 월정리33-3',null,null,'2021\11\19/s_2925b8f6-54cb-4d56-aa4a-0f788fe73520_woljung.jpg','33.55669805571196','126.7844263496564','바다가 예쁜 월정리');
Insert into MEROOM.PLACE (PID,PTITLE,PTIME,PPHONE,PLOCATION,PTHUMB,PCONTENT,PFILEPATH,PLAT,PLNG,PTEXT) values (6,'김녕해수욕장','10:00 ~ 20:00','064-729-3988','제주시 구좌읍 김녕리',null,null,'2021\11\19/s_ef980315-8a27-4d32-8e3a-a04ac49aa8e9_kimnung.jpg','33.55839499843472','126.75991617439291','에메랄드 바다 김녕');
Insert into MEROOM.PLACE (PID,PTITLE,PTIME,PPHONE,PLOCATION,PTHUMB,PCONTENT,PFILEPATH,PLAT,PLNG,PTEXT) values (5,'아쿠아플라넷','10:00 ~ 20:00','1833-7001','서귀포시 성산읍 섭지코지로 95 ',null,null,'2021\11\19/s_3291070a-4145-4417-96d4-ceccb46c8828_aqua.jpg','33.433022647872804','126.9279807581892','남녀노소 좋아하는 아쿠아플라넷');
Insert into MEROOM.PLACE (PID,PTITLE,PTIME,PPHONE,PLOCATION,PTHUMB,PCONTENT,PFILEPATH,PLAT,PLNG,PTEXT) values (7,'맛나식당','08:30 ~ 14:30','064-782-5671','서귀포시 성산읍 동류암로 41',null,null,'2021\11\19/s_d618e8f8-dbb9-49a3-9198-9e8d2e5748d6_matna.jpg','33.448961127348255','126.91603758120543','제주 맛집중에 맛집 맛나식당');
Insert into MEROOM.PLACE (PID,PTITLE,PTIME,PPHONE,PLOCATION,PTHUMB,PCONTENT,PFILEPATH,PLAT,PLNG,PTEXT) values (8,'판타스틱버거','10:00 ~ 19:00','064-332-7787','서귀포시 표선면 토산중앙로 15번길 6',null,null,'2021\11\19/s_f21aeca0-42fd-4368-b762-3fbc6bb00c82_burger.jpg','33.50501258357466','126.78142329732736','제주도 최애 햄버거집');
Insert into MEROOM.PLACE (PID,PTITLE,PTIME,PPHONE,PLOCATION,PTHUMB,PCONTENT,PFILEPATH,PLAT,PLNG,PTEXT) values (9,'오는정김밥','10:00 ~ 20:00','064-762-8927','서귀포시 동문동로 2(서귀동 254-6)',null,null,'2021\11\19/s_95d2a498-0642-459a-ab9e-5e9bdeea427b_gimbab.jpg','33.25154552414869','126.56768863081678','제주도하면 오는정김밥');
Insert into MEROOM.PLACE (PID,PTITLE,PTIME,PPHONE,PLOCATION,PTHUMB,PCONTENT,PFILEPATH,PLAT,PLNG,PTEXT) values (10,'랍스터빈','10:00 ~ 20:00','064-743-1979','제주특별자치도 제주시 애월읍 구엄4길 20-9',null,null,'2021\11\19/s_501a10ba-d62a-4e6f-a6cc-523f8cc82257_lobster.jpg','33.48517001240744','126.38111487456602','바닷가재 랍스터빈');
Insert into MEROOM.PLACE (PID,PTITLE,PTIME,PPHONE,PLOCATION,PTHUMB,PCONTENT,PFILEPATH,PLAT,PLNG,PTEXT) values (11,'자매국수','08:00 ~ 21:00','064-746-2222','제주도 제주시 월랑로4길 6',null,null,'2021\11\19/s_5eb2a897-fcbb-4826-a82b-40a10d42be4d_noodle.jpg','33.51698399690752','126.51707420340547','형재보다 자매국수');
Insert into MEROOM.PLACE (PID,PTITLE,PTIME,PPHONE,PLOCATION,PTHUMB,PCONTENT,PFILEPATH,PLAT,PLNG,PTEXT) values (1,'우도','10:00 ~ 20:00','064-782-5671','제주시 우도면',null,null,'2021\11\19/s_769e2df3-6418-481c-bc7c-dc232e173513_udo.jpg','33.50501258357466','126.95396213085922','자연경관이 이쁜 우도');
Insert into MEROOM.PLACE (PID,PTITLE,PTIME,PPHONE,PLOCATION,PTHUMB,PCONTENT,PFILEPATH,PLAT,PLNG,PTEXT) values (2,'성산일출봉','10:00 ~ 20:00','064-783-0959','제주 서귀포시 성산읍 성산리1',null,'<p>성산일출봉<br></p>','2021\11\19/s_ee4b9744-40e7-49df-8434-5236b8805aa8_sungsan.jpg','33.45914922413397','126.94105283259414','자연경관이 이쁜 성산일출봉');
REM INSERTING into MEROOM.PROMOTION
SET DEFINE OFF;
Insert into MEROOM.PROMOTION (PR_IDX,PR_TITLE,PR_SUBTITLE,PR_THUMBNAIL,PR_REGDATE) values (6,' 룸스프레이 프로모션 ','르플랑 제주 프로모션','2021\11\22/s_2da9a40e-9efe-4fb4-af4e-b6815625bc2b_per.jpg',to_date('2021/11/22','YYYY/MM/DD'));
Insert into MEROOM.PROMOTION (PR_IDX,PR_TITLE,PR_SUBTITLE,PR_THUMBNAIL,PR_REGDATE) values (7,'제주 와인 프로모션','메이드 제주 와인','2021\11\22/s_aac135d2-2028-4a5d-8e39-8d6a7ee76fc3_wine3.jpg',to_date('2021/11/22','YYYY/MM/DD'));
Insert into MEROOM.PROMOTION (PR_IDX,PR_TITLE,PR_SUBTITLE,PR_THUMBNAIL,PR_REGDATE) values (8,'마스크 증정 프로모션','미룸 전 고객 프로모션','2021\11\22/s_2d20ad8a-f0f2-4f3d-a3d6-ef09faf9346a_candle.jpg',to_date('2021/11/22','YYYY/MM/DD'));
Insert into MEROOM.PROMOTION (PR_IDX,PR_TITLE,PR_SUBTITLE,PR_THUMBNAIL,PR_REGDATE) values (9,'천연보습 립밤 프로모션','제주 동백오일 립밤','2021\11\22/s_9cecc9ee-7930-41da-958e-2d8ac7c3ca2b_lipbalm.jpg',to_date('2021/11/22','YYYY/MM/DD'));
Insert into MEROOM.PROMOTION (PR_IDX,PR_TITLE,PR_SUBTITLE,PR_THUMBNAIL,PR_REGDATE) values (10,'제주 디퓨저 프로모션','제주 향이 담긴 디퓨저','2021\11\22/s_5661579b-4770-4b39-a8ba-875798c99bd9_diffuser22.jpg',to_date('2021/11/22','YYYY/MM/DD'));
Insert into MEROOM.PROMOTION (PR_IDX,PR_TITLE,PR_SUBTITLE,PR_THUMBNAIL,PR_REGDATE) values (4,'12월, 미룸 스위트룸 고객 프로모션','수토메 향수 10ml 프로모션','2021\11\22/s_de4378fb-7df2-476c-a46d-22f205ccb01f_perfume.jpg',to_date('2021/11/22','YYYY/MM/DD'));
Insert into MEROOM.PROMOTION (PR_IDX,PR_TITLE,PR_SUBTITLE,PR_THUMBNAIL,PR_REGDATE) values (5,'크리스마스 프로모션 ','디오디너리 프로모션','2021\11\22/s_1b4acc3c-de7c-4e97-b60f-8b4d5c80e3c5_theordi.jpg',to_date('2021/11/22','YYYY/MM/DD'));
Insert into MEROOM.PROMOTION (PR_IDX,PR_TITLE,PR_SUBTITLE,PR_THUMBNAIL,PR_REGDATE) values (13,'레이지 소사이어티','미룸 X 레이지 소사이어티','2021\11\22/s_c1c420ae-2aa5-4c5b-b524-b5670b46c88a_cosmetic55.jpg',to_date('2021/11/22','YYYY/MM/DD'));
REM INSERTING into MEROOM.QUESTION
SET DEFINE OFF;
Insert into MEROOM.QUESTION (Q_IDX,NAME,MEMBERID,EMAIL,PHONE,ANYTYP,Q_TITLE,Q_REGDATE,Q_YN) values (1,'김두두','dudu','dudu@test.com','010-2222-2222','ROOM','객실 예약','2021-11-20','Y');
Insert into MEROOM.QUESTION (Q_IDX,NAME,MEMBERID,EMAIL,PHONE,ANYTYP,Q_TITLE,Q_REGDATE,Q_YN) values (12,'ff','fff','ff','fff',null,'ff','21/11/20',null);
Insert into MEROOM.QUESTION (Q_IDX,NAME,MEMBERID,EMAIL,PHONE,ANYTYP,Q_TITLE,Q_REGDATE,Q_YN) values (13,'ff','fff','ff','fff',null,'ff','21/11/20',null);
Insert into MEROOM.QUESTION (Q_IDX,NAME,MEMBERID,EMAIL,PHONE,ANYTYP,Q_TITLE,Q_REGDATE,Q_YN) values (7,null,null,'p','p',null,'o','21/11/20',null);
Insert into MEROOM.QUESTION (Q_IDX,NAME,MEMBERID,EMAIL,PHONE,ANYTYP,Q_TITLE,Q_REGDATE,Q_YN) values (8,'ff','fff','ff','fff',null,'ff','21/11/20',null);
Insert into MEROOM.QUESTION (Q_IDX,NAME,MEMBERID,EMAIL,PHONE,ANYTYP,Q_TITLE,Q_REGDATE,Q_YN) values (9,'ff','fff','ff','fff',null,'ff','21/11/20',null);
Insert into MEROOM.QUESTION (Q_IDX,NAME,MEMBERID,EMAIL,PHONE,ANYTYP,Q_TITLE,Q_REGDATE,Q_YN) values (10,'ff','fff','ff','fff',null,'ff','21/11/20',null);
Insert into MEROOM.QUESTION (Q_IDX,NAME,MEMBERID,EMAIL,PHONE,ANYTYP,Q_TITLE,Q_REGDATE,Q_YN) values (11,'ff','fff','ff','fff',null,'ff','21/11/20',null);
Insert into MEROOM.QUESTION (Q_IDX,NAME,MEMBERID,EMAIL,PHONE,ANYTYP,Q_TITLE,Q_REGDATE,Q_YN) values (1,'asd','asdsa','asdsada','asdasd',null,'asdsad','21/11/22',null);
Insert into MEROOM.QUESTION (Q_IDX,NAME,MEMBERID,EMAIL,PHONE,ANYTYP,Q_TITLE,Q_REGDATE,Q_YN) values (2,'박상민','akdrh55','sangmin159@naver.com','01011111111',null,'이용문의','21/11/23',null);
Insert into MEROOM.QUESTION (Q_IDX,NAME,MEMBERID,EMAIL,PHONE,ANYTYP,Q_TITLE,Q_REGDATE,Q_YN) values (3,'박상민','akdrh55','sangmin159@naver.com','01011111111',null,'asdsad','21/11/23',null);
Insert into MEROOM.QUESTION (Q_IDX,NAME,MEMBERID,EMAIL,PHONE,ANYTYP,Q_TITLE,Q_REGDATE,Q_YN) values (4,'박상민','akdgkr1','sangmin159@naver.com','01011111111',null,'숙박','21/11/23',null);
Insert into MEROOM.QUESTION (Q_IDX,NAME,MEMBERID,EMAIL,PHONE,ANYTYP,Q_TITLE,Q_REGDATE,Q_YN) values (5,'박상민','akdgkr1','sangmin159@naver.com','01011111111',null,'ㅁㄴㅇㄴㅁ','21/11/23',null);
REM INSERTING into MEROOM.REFUND
SET DEFINE OFF;
Insert into MEROOM.REFUND (RF_IDX,R_IDX,RF_INFO,RF_MONEY,RF_CANCEL) values (22,'23239299140','[주문자 취소]환불조건에 따라 환불처리',150000,'21/11/23');
Insert into MEROOM.REFUND (RF_IDX,R_IDX,RF_INFO,RF_MONEY,RF_CANCEL) values (20,'2362129860','[주문자 취소]환불조건에 따라 환불처리',140000,'21/11/23');
Insert into MEROOM.REFUND (RF_IDX,R_IDX,RF_INFO,RF_MONEY,RF_CANCEL) values (21,'2362129860','[주문자 취소]환불조건에 따라 환불처리',140000,'21/11/23');
REM INSERTING into MEROOM.RESERVATION
SET DEFINE OFF;
Insert into MEROOM.RESERVATION (R_IDX,RM_NUMBER,MEMBERID,R_APLCT_DATE,R_START_DATE,R_END_DATE,R_AREA) values ('23959239990',202,'akdgkr1','21/11/23','2021/11/12','2021/11/26','1');
Insert into MEROOM.RESERVATION (R_IDX,RM_NUMBER,MEMBERID,R_APLCT_DATE,R_START_DATE,R_END_DATE,R_AREA) values ('23112978370',203,'bit1234','21/11/23','2021/11/15','2021/11/25','1');
Insert into MEROOM.RESERVATION (R_IDX,RM_NUMBER,MEMBERID,R_APLCT_DATE,R_START_DATE,R_END_DATE,R_AREA) values ('22531417300',303,'akdgkr1','21/11/22','2021/11/22','2021/11/23','1');
Insert into MEROOM.RESERVATION (R_IDX,RM_NUMBER,MEMBERID,R_APLCT_DATE,R_START_DATE,R_END_DATE,R_AREA) values ('22106599970',401,'akdgkr1','21/11/22','2021/11/22','2021/11/23','1');
Insert into MEROOM.RESERVATION (R_IDX,RM_NUMBER,MEMBERID,R_APLCT_DATE,R_START_DATE,R_END_DATE,R_AREA) values ('23111385540',201,'akdgkr1','21/11/23','2021/11/23','2021/11/24','1');
Insert into MEROOM.RESERVATION (R_IDX,RM_NUMBER,MEMBERID,R_APLCT_DATE,R_START_DATE,R_END_DATE,R_AREA) values ('221037361880',302,'akdgkr1','21/11/22','2021/11/22','2021/11/23','1');
Insert into MEROOM.RESERVATION (R_IDX,RM_NUMBER,MEMBERID,R_APLCT_DATE,R_START_DATE,R_END_DATE,R_AREA) values ('2362129860',202,'akdgkr1','21/11/23','2021/11/23','2021/11/24','1');
Insert into MEROOM.RESERVATION (R_IDX,RM_NUMBER,MEMBERID,R_APLCT_DATE,R_START_DATE,R_END_DATE,R_AREA) values ('231124392000',303,'bit1234','21/11/23','2021/11/15','2021/11/26','1');
Insert into MEROOM.RESERVATION (R_IDX,RM_NUMBER,MEMBERID,R_APLCT_DATE,R_START_DATE,R_END_DATE,R_AREA) values ('231135291470',201,'bit1234','21/11/23','2021/11/15','2021/11/27','1');
Insert into MEROOM.RESERVATION (R_IDX,RM_NUMBER,MEMBERID,R_APLCT_DATE,R_START_DATE,R_END_DATE,R_AREA) values ('23034284060',203,'bit1234','21/11/23','2021/11/23','2021/11/24','1');
Insert into MEROOM.RESERVATION (R_IDX,RM_NUMBER,MEMBERID,R_APLCT_DATE,R_START_DATE,R_END_DATE,R_AREA) values ('23042569150',401,'bit1234','21/11/23','2021/11/24','2021/11/26','1');
Insert into MEROOM.RESERVATION (R_IDX,RM_NUMBER,MEMBERID,R_APLCT_DATE,R_START_DATE,R_END_DATE,R_AREA) values ('23048203710',202,'bit1234','21/11/23','2021/11/29','2021/11/30','1');
Insert into MEROOM.RESERVATION (R_IDX,RM_NUMBER,MEMBERID,R_APLCT_DATE,R_START_DATE,R_END_DATE,R_AREA) values ('23239299140',303,'bit1234','21/11/23','2021/11/30','2021/12/01','1');
Insert into MEROOM.RESERVATION (R_IDX,RM_NUMBER,MEMBERID,R_APLCT_DATE,R_START_DATE,R_END_DATE,R_AREA) values ('23343156360',302,'bit1234','21/11/23','2021/11/26','2021/11/27','1');
Insert into MEROOM.RESERVATION (R_IDX,RM_NUMBER,MEMBERID,R_APLCT_DATE,R_START_DATE,R_END_DATE,R_AREA) values ('23318583370',202,'bit1234','21/11/23','2021/11/27','2021/11/28','1');
Insert into MEROOM.RESERVATION (R_IDX,RM_NUMBER,MEMBERID,R_APLCT_DATE,R_START_DATE,R_END_DATE,R_AREA) values ('23458453510',403,'bit1234','21/11/23','2021/11/24','2021/11/26','1');
REM INSERTING into MEROOM.REVIEW
SET DEFINE OFF;
Insert into MEROOM.REVIEW (RV_IDX,R_IDX,MEMBERID,RV_DATE,SCORE) values (7,'210850700','akdgkr1','2021/11/15',5);
Insert into MEROOM.REVIEW (RV_IDX,R_IDX,MEMBERID,RV_DATE,SCORE) values (8,'210850700','akdgkr1','2021/11/18',5);
Insert into MEROOM.REVIEW (RV_IDX,R_IDX,MEMBERID,RV_DATE,SCORE) values (9,'210850700','akdgkr1','2021/11/21',4);
Insert into MEROOM.REVIEW (RV_IDX,R_IDX,MEMBERID,RV_DATE,SCORE) values (10,'210850700','akdgkr1','2021/11/21',3);
Insert into MEROOM.REVIEW (RV_IDX,R_IDX,MEMBERID,RV_DATE,SCORE) values (11,'21116483040','akdgkr1','2021/11/21',4);
Insert into MEROOM.REVIEW (RV_IDX,R_IDX,MEMBERID,RV_DATE,SCORE) values (12,'21116483040','akdgkr1','2021/11/21',3);
Insert into MEROOM.REVIEW (RV_IDX,R_IDX,MEMBERID,RV_DATE,SCORE) values (17,'21034217530','akdgkr1','2021/11/15',5);
Insert into MEROOM.REVIEW (RV_IDX,R_IDX,MEMBERID,RV_DATE,SCORE) values (18,'21034217530','akdgkr1','2021/11/18',5);
Insert into MEROOM.REVIEW (RV_IDX,R_IDX,MEMBERID,RV_DATE,SCORE) values (19,'21034217530','akdgkr1','2021/11/21',4);
Insert into MEROOM.REVIEW (RV_IDX,R_IDX,MEMBERID,RV_DATE,SCORE) values (20,'21034217530','akdgkr1','2021/11/21',3);
Insert into MEROOM.REVIEW (RV_IDX,R_IDX,MEMBERID,RV_DATE,SCORE) values (21,'22532496000','akdgkr1','2021/11/22',3);
Insert into MEROOM.REVIEW (RV_IDX,R_IDX,MEMBERID,RV_DATE,SCORE) values (22,'22530275450','akdgkr1','2021/11/22',3);
Insert into MEROOM.REVIEW (RV_IDX,R_IDX,MEMBERID,RV_DATE,SCORE) values (33,'231124392000','bit1234','21/11/23',5);
Insert into MEROOM.REVIEW (RV_IDX,R_IDX,MEMBERID,RV_DATE,SCORE) values (24,'22531417300','akdrhtn1','2021/11/22',3);
Insert into MEROOM.REVIEW (RV_IDX,R_IDX,MEMBERID,RV_DATE,SCORE) values (25,'22530275450','akdrhtn1','2021/11/22',3);
Insert into MEROOM.REVIEW (RV_IDX,R_IDX,MEMBERID,RV_DATE,SCORE) values (26,'22532496000','akdrhtn1','2021/11/22',3);
Insert into MEROOM.REVIEW (RV_IDX,R_IDX,MEMBERID,RV_DATE,SCORE) values (27,'22532496000','akdrhtn1','2021/11/22',5);
Insert into MEROOM.REVIEW (RV_IDX,R_IDX,MEMBERID,RV_DATE,SCORE) values (28,'221037361880','akdgkr1','2021/11/23',3);
Insert into MEROOM.REVIEW (RV_IDX,R_IDX,MEMBERID,RV_DATE,SCORE) values (29,'22106599970','akdgkr1','2021/11/23',3);
Insert into MEROOM.REVIEW (RV_IDX,R_IDX,MEMBERID,RV_DATE,SCORE) values (30,'23959239990','akdgkr1','2021/11/23',3);
Insert into MEROOM.REVIEW (RV_IDX,R_IDX,MEMBERID,RV_DATE,SCORE) values (31,'23112978370','bit1234','2021/11/23',2);
Insert into MEROOM.REVIEW (RV_IDX,R_IDX,MEMBERID,RV_DATE,SCORE) values (32,'23112978370','bit1234','2021/11/23',2);
Insert into MEROOM.REVIEW (RV_IDX,R_IDX,MEMBERID,RV_DATE,SCORE) values (34,'231135291470','bit1234','2021/11/23',4);
REM INSERTING into MEROOM.REWARD
SET DEFINE OFF;
Insert into MEROOM.REWARD (REWARD_IDX,MEMBERID,RE_CATEGORY,POINT,REWARD_DATE) values (1,'qkrtkdals123','회원가입',5000,'2021/11/18');
Insert into MEROOM.REWARD (REWARD_IDX,MEMBERID,RE_CATEGORY,POINT,REWARD_DATE) values (2,'akdgkr1','회원가입',5000,'2021/11/19');
Insert into MEROOM.REWARD (REWARD_IDX,MEMBERID,RE_CATEGORY,POINT,REWARD_DATE) values (3,'akdgkr1','회원가입',5000,'2021/11/20');
Insert into MEROOM.REWARD (REWARD_IDX,MEMBERID,RE_CATEGORY,POINT,REWARD_DATE) values (21,'akdgkr1','숙박 예약',4500,'2021/11/20');
Insert into MEROOM.REWARD (REWARD_IDX,MEMBERID,RE_CATEGORY,POINT,REWARD_DATE) values (22,'akdgkr1','숙박 예약',4500,'2021/11/20');
Insert into MEROOM.REWARD (REWARD_IDX,MEMBERID,RE_CATEGORY,POINT,REWARD_DATE) values (23,'akdgkr1','숙박 예약 사용',-720,'2021/11/20');
Insert into MEROOM.REWARD (REWARD_IDX,MEMBERID,RE_CATEGORY,POINT,REWARD_DATE) values (24,'akdgkr1','숙박 예약 사용',-720,'2021/11/20');
Insert into MEROOM.REWARD (REWARD_IDX,MEMBERID,RE_CATEGORY,POINT,REWARD_DATE) values (25,'akdgkr1','숙박 예약',8474,'2021/11/20');
Insert into MEROOM.REWARD (REWARD_IDX,MEMBERID,RE_CATEGORY,POINT,REWARD_DATE) values (26,'akdgkr1','숙박 예약 사용',-26034,'2021/11/20');
Insert into MEROOM.REWARD (REWARD_IDX,MEMBERID,RE_CATEGORY,POINT,REWARD_DATE) values (27,'akdgkr1','숙박 예약',3719,'2021/11/20');
Insert into MEROOM.REWARD (REWARD_IDX,MEMBERID,RE_CATEGORY,POINT,REWARD_DATE) values (28,'akdgkr1','숙박 예약',4500,'2021/11/20');
Insert into MEROOM.REWARD (REWARD_IDX,MEMBERID,RE_CATEGORY,POINT,REWARD_DATE) values (29,'akdgkr1','숙박 예약 사용',-720,'2021/11/20');
Insert into MEROOM.REWARD (REWARD_IDX,MEMBERID,RE_CATEGORY,POINT,REWARD_DATE) values (30,'akdgkr1','숙박 예약 사용',-720,'2021/11/20');
Insert into MEROOM.REWARD (REWARD_IDX,MEMBERID,RE_CATEGORY,POINT,REWARD_DATE) values (31,'akdgkr1','숙박 예약 사용',-720,'2021/11/20');
Insert into MEROOM.REWARD (REWARD_IDX,MEMBERID,RE_CATEGORY,POINT,REWARD_DATE) values (32,'akdgkr1','숙박 예약 사용',-720,'2021/11/20');
Insert into MEROOM.REWARD (REWARD_IDX,MEMBERID,RE_CATEGORY,POINT,REWARD_DATE) values (33,'akdgkr1','숙박 예약 사용',-720,'2021/11/21');
Insert into MEROOM.REWARD (REWARD_IDX,MEMBERID,RE_CATEGORY,POINT,REWARD_DATE) values (34,'akdgkr1','숙박 예약 사용',-720,'2021/11/21');
Insert into MEROOM.REWARD (REWARD_IDX,MEMBERID,RE_CATEGORY,POINT,REWARD_DATE) values (35,'akdgkr1','숙박 예약 사용',-720,'2021/11/21');
Insert into MEROOM.REWARD (REWARD_IDX,MEMBERID,RE_CATEGORY,POINT,REWARD_DATE) values (36,'akdgkr1','숙박 예약',4500,'2021/11/21');
Insert into MEROOM.REWARD (REWARD_IDX,MEMBERID,RE_CATEGORY,POINT,REWARD_DATE) values (37,'akdgkr1','숙박 예약 사용',-7679,'2021/11/21');
Insert into MEROOM.REWARD (REWARD_IDX,MEMBERID,RE_CATEGORY,POINT,REWARD_DATE) values (38,'akdgkr1','숙박 예약',4270,'2021/11/21');
Insert into MEROOM.REWARD (REWARD_IDX,MEMBERID,RE_CATEGORY,POINT,REWARD_DATE) values (39,'akdgkr1','숙박 예약',4500,'2021/11/21');
Insert into MEROOM.REWARD (REWARD_IDX,MEMBERID,RE_CATEGORY,POINT,REWARD_DATE) values (40,'akdgkr1','숙박 예약 사용',-8770,'2021/11/21');
Insert into MEROOM.REWARD (REWARD_IDX,MEMBERID,RE_CATEGORY,POINT,REWARD_DATE) values (41,'akdgkr1','숙박 예약',4237,'2021/11/21');
Insert into MEROOM.REWARD (REWARD_IDX,MEMBERID,RE_CATEGORY,POINT,REWARD_DATE) values (42,'akdgkr1','숙박 예약',4500,'2021/11/21');
Insert into MEROOM.REWARD (REWARD_IDX,MEMBERID,RE_CATEGORY,POINT,REWARD_DATE) values (43,'akdgkr1','숙박 예약 사용',-720,'2021/11/21');
Insert into MEROOM.REWARD (REWARD_IDX,MEMBERID,RE_CATEGORY,POINT,REWARD_DATE) values (44,'akdgkr1','숙박 예약 사용',-3500,'2021/11/21');
Insert into MEROOM.REWARD (REWARD_IDX,MEMBERID,RE_CATEGORY,POINT,REWARD_DATE) values (45,'akdgkr1','숙박 예약',4395,'2021/11/21');
Insert into MEROOM.REWARD (REWARD_IDX,MEMBERID,RE_CATEGORY,POINT,REWARD_DATE) values (46,'akdgkr1','숙박 예약 사용',-8912,'2021/11/22');
Insert into MEROOM.REWARD (REWARD_IDX,MEMBERID,RE_CATEGORY,POINT,REWARD_DATE) values (47,'akdgkr1','숙박 예약',4233,'2021/11/22');
Insert into MEROOM.REWARD (REWARD_IDX,MEMBERID,RE_CATEGORY,POINT,REWARD_DATE) values (48,'akdgkr1','숙박 예약',9000,'2021/11/22');
Insert into MEROOM.REWARD (REWARD_IDX,MEMBERID,RE_CATEGORY,POINT,REWARD_DATE) values (49,'akdgkr1','숙박 예약 사용',-13233,'2021/11/22');
Insert into MEROOM.REWARD (REWARD_IDX,MEMBERID,RE_CATEGORY,POINT,REWARD_DATE) values (50,'akdgkr1','숙박 예약',4104,'2021/11/22');
Insert into MEROOM.REWARD (REWARD_IDX,MEMBERID,RE_CATEGORY,POINT,REWARD_DATE) values (51,'akdgkr1','숙박 예약 사용',-4104,'2021/11/22');
Insert into MEROOM.REWARD (REWARD_IDX,MEMBERID,RE_CATEGORY,POINT,REWARD_DATE) values (52,'akdgkr1','숙박 예약',7377,'2021/11/22');
Insert into MEROOM.REWARD (REWARD_IDX,MEMBERID,RE_CATEGORY,POINT,REWARD_DATE) values (53,'akdgkr1','숙박 예약 사용',-7377,'2021/11/22');
Insert into MEROOM.REWARD (REWARD_IDX,MEMBERID,RE_CATEGORY,POINT,REWARD_DATE) values (54,'akdgkr1','숙박 예약',10279,'2021/11/22');
Insert into MEROOM.REWARD (REWARD_IDX,MEMBERID,RE_CATEGORY,POINT,REWARD_DATE) values (55,'akdgkr1','숙박 예약 사용',-10279,'2021/11/22');
Insert into MEROOM.REWARD (REWARD_IDX,MEMBERID,RE_CATEGORY,POINT,REWARD_DATE) values (56,'akdgkr1','숙박 예약',4192,'2021/11/22');
Insert into MEROOM.REWARD (REWARD_IDX,MEMBERID,RE_CATEGORY,POINT,REWARD_DATE) values (57,'akdgkr1','숙박 예약 사용',-4192,'2021/11/22');
Insert into MEROOM.REWARD (REWARD_IDX,MEMBERID,RE_CATEGORY,POINT,REWARD_DATE) values (58,'akdgkr1','숙박 예약',4375,'2021/11/22');
Insert into MEROOM.REWARD (REWARD_IDX,MEMBERID,RE_CATEGORY,POINT,REWARD_DATE) values (59,'akdgkr1','숙박 예약',7500,'2021/11/23');
Insert into MEROOM.REWARD (REWARD_IDX,MEMBERID,RE_CATEGORY,POINT,REWARD_DATE) values (60,'akdgkr1','숙박 예약 사용',-5000,'2021/11/23');
Insert into MEROOM.REWARD (REWARD_IDX,MEMBERID,RE_CATEGORY,POINT,REWARD_DATE) values (61,'akdgkr1','숙박 예약',4350,'2021/11/23');
Insert into MEROOM.REWARD (REWARD_IDX,MEMBERID,RE_CATEGORY,POINT,REWARD_DATE) values (62,'akdgkr1','숙박 예약 사용',-11225,'2021/11/23');
Insert into MEROOM.REWARD (REWARD_IDX,MEMBERID,RE_CATEGORY,POINT,REWARD_DATE) values (63,'akdgkr1','숙박 예약',7164,'2021/11/23');
Insert into MEROOM.REWARD (REWARD_IDX,MEMBERID,RE_CATEGORY,POINT,REWARD_DATE) values (64,'akd1234','회원가입',5000,'2021/11/23');
Insert into MEROOM.REWARD (REWARD_IDX,MEMBERID,RE_CATEGORY,POINT,REWARD_DATE) values (65,'akdrhtn123456','회원가입',5000,'2021/11/23');
Insert into MEROOM.REWARD (REWARD_IDX,MEMBERID,RE_CATEGORY,POINT,REWARD_DATE) values (66,'akdrh55','회원가입',5000,'2021/11/23');
Insert into MEROOM.REWARD (REWARD_IDX,MEMBERID,RE_CATEGORY,POINT,REWARD_DATE) values (67,'akdgkr1','숙박 예약 사용',-5000,'2021/11/23');
Insert into MEROOM.REWARD (REWARD_IDX,MEMBERID,RE_CATEGORY,POINT,REWARD_DATE) values (68,'akdgkr1','숙박 예약 사용',-5000,'2021/11/23');
Insert into MEROOM.REWARD (REWARD_IDX,MEMBERID,RE_CATEGORY,POINT,REWARD_DATE) values (69,'bit1234','회원가입',5000,'2021/11/23');
Insert into MEROOM.REWARD (REWARD_IDX,MEMBERID,RE_CATEGORY,POINT,REWARD_DATE) values (70,'bit1234','숙박 예약 사용',-2000,'2021/11/23');
Insert into MEROOM.REWARD (REWARD_IDX,MEMBERID,RE_CATEGORY,POINT,REWARD_DATE) values (71,'bit1234','숙박 예약',4440,'2021/11/23');
Insert into MEROOM.REWARD (REWARD_IDX,MEMBERID,RE_CATEGORY,POINT,REWARD_DATE) values (72,'akdrhtn1234567','회원가입',5000,'2021/11/23');
Insert into MEROOM.REWARD (REWARD_IDX,MEMBERID,RE_CATEGORY,POINT,REWARD_DATE) values (73,'bit1234','숙박 예약 사용',-5000,'2021/11/23');
Insert into MEROOM.REWARD (REWARD_IDX,MEMBERID,RE_CATEGORY,POINT,REWARD_DATE) values (74,'bit1234','숙박 예약',4350,'2021/11/23');
Insert into MEROOM.REWARD (REWARD_IDX,MEMBERID,RE_CATEGORY,POINT,REWARD_DATE) values (75,'bit1234','숙박 예약',4500,'2021/11/23');
Insert into MEROOM.REWARD (REWARD_IDX,MEMBERID,RE_CATEGORY,POINT,REWARD_DATE) values (76,'akdgkr12345677','회원가입',5000,'2021/11/23');
Insert into MEROOM.REWARD (REWARD_IDX,MEMBERID,RE_CATEGORY,POINT,REWARD_DATE) values (77,'bit1234','숙박 예약 사용',0,'2021/11/23');
Insert into MEROOM.REWARD (REWARD_IDX,MEMBERID,RE_CATEGORY,POINT,REWARD_DATE) values (78,'bit1234','숙박 후기 작성',100,'2021/11/23');
Insert into MEROOM.REWARD (REWARD_IDX,MEMBERID,RE_CATEGORY,POINT,REWARD_DATE) values (79,'bit1234','숙박 예약 사용',-2000,'2021/11/23');
Insert into MEROOM.REWARD (REWARD_IDX,MEMBERID,RE_CATEGORY,POINT,REWARD_DATE) values (80,'bit1234','숙박 예약',7440,'2021/11/23');
Insert into MEROOM.REWARD (REWARD_IDX,MEMBERID,RE_CATEGORY,POINT,REWARD_DATE) values (81,'bit12334','회원가입',5000,'2021/11/23');
Insert into MEROOM.REWARD (REWARD_IDX,MEMBERID,RE_CATEGORY,POINT,REWARD_DATE) values (82,'bit1234','숙박 예약 사용',-4000,'2021/11/23');
Insert into MEROOM.REWARD (REWARD_IDX,MEMBERID,RE_CATEGORY,POINT,REWARD_DATE) values (83,'bit1234','숙박 예약',4380,'2021/11/23');
Insert into MEROOM.REWARD (REWARD_IDX,MEMBERID,RE_CATEGORY,POINT,REWARD_DATE) values (84,'bit1234','숙박 후기 작성',100,'2021/11/23');
REM INSERTING into MEROOM.ROOM
SET DEFINE OFF;
Insert into MEROOM.ROOM (RM_NUMBER,RM_KIND,RM_AREA,RM_INFO,FILE_NAME,RM_PRICE) values (203,'STANDARD','2','여름엔 쉬원하고 겨울에는 따뜻한 가장 편안하게 참들수 있는 침대</li><li>항상 깨끗하게 소독 세탁하는 침구류</li><li>성산일출봉과 만날 수 있는 발코니 창</li><li>체크인 13:00 / 체크 아웃 11:00</li><li>전 객실 금연</li><li>객실 크기 18m²','2021-11-22231706standard1Thumb.jpg,2021-11-22231706standard2.jpg,2021-11-22231706standard3.jpg,2021-11-22231706standard4.jpg',150000);
Insert into MEROOM.ROOM (RM_NUMBER,RM_KIND,RM_AREA,RM_INFO,FILE_NAME,RM_PRICE) values (201,'STANDARD','2','여름엔 쉬원하고 겨울에는 따뜻한 가장 편안하게 참들수 있는 침대</li><li>항상 깨끗하게 소독 세탁하는 침구류</li><li>성산일출봉과 만날 수 있는 발코니 창</li><li>체크인 13:00 / 체크 아웃 11:00</li><li>전 객실 금연</li><li>객실 크기 18m²','2021-11-22231713standard1Thumb.jpg,2021-11-22231713standard2.jpg,2021-11-22231713standard3.jpg,2021-11-22231713standard4.jpg',150000);
Insert into MEROOM.ROOM (RM_NUMBER,RM_KIND,RM_AREA,RM_INFO,FILE_NAME,RM_PRICE) values (301,'DELUX','3','깃털처럼 포근한 침대</li><li>세련된 느낌의 테이블,체어 완비</li><li>클래식한 음악을 제공하는 DVD 플레이어</li><li>체크인 13:00 / 체크 아웃 11:00</li><li>전 객실 금연</li><li>객실 크기 22m²','2021-11-22231725DELUX1.jpg,2021-11-22231725DELUX2Thumb.jpg,2021-11-22231725DELUX3.jpg,2021-11-22231725DELUX4.jpg',250000);
Insert into MEROOM.ROOM (RM_NUMBER,RM_KIND,RM_AREA,RM_INFO,FILE_NAME,RM_PRICE) values (302,'DELUX','3','깃털처럼 포근한 침대</li><li>세련된 느낌의 테이블,체어 완비</li><li>클래식한 음악을 제공하는 DVD 플레이어</li><li>체크인 13:00 / 체크 아웃 11:00</li><li>전 객실 금연</li><li>객실 크기 22m²','2021-11-22231732DELUX1.jpg,2021-11-22231732DELUX2Thumb.jpg,2021-11-22231732DELUX3.jpg,2021-11-22231732DELUX4.jpg',250000);
Insert into MEROOM.ROOM (RM_NUMBER,RM_KIND,RM_AREA,RM_INFO,FILE_NAME,RM_PRICE) values (202,'STANDARD','2','여름엔 쉬원하고 겨울에는 따뜻한 가장 편안하게 참들수 있는 침대</li><li>항상 깨끗하게 소독 세탁하는 침구류</li><li>성산일출봉과 만날 수 있는 발코니 창</li><li>체크인 13:00 / 체크 아웃 11:00</li><li>전 객실 금연</li><li>객실 크기 18m²','2021-11-22231747standard1Thumb.jpg,2021-11-22231747standard2.jpg,2021-11-22231747standard3.jpg,2021-11-22231747standard4.jpg',150000);
Insert into MEROOM.ROOM (RM_NUMBER,RM_KIND,RM_AREA,RM_INFO,FILE_NAME,RM_PRICE) values (303,'DELUX','3','깃털처럼 포근한 침대</li><li>세련된 느낌의 테이블,체어 완비</li><li>클래식한 음악을 제공하는 DVD 플레이어</li><li>체크인 13:00 / 체크 아웃 11:00</li><li>전 객실 금연</li><li>객실 크기 22m²','2021-11-22231759DELUX1.jpg,2021-11-22231759DELUX2Thumb.jpg,2021-11-22231759DELUX3.jpg,2021-11-22231759DELUX4.jpg',250000);
Insert into MEROOM.ROOM (RM_NUMBER,RM_KIND,RM_AREA,RM_INFO,FILE_NAME,RM_PRICE) values (401,'SUITE','4','침실과 거실이 분리된 고급 객실</li><li>큰 면적으로 거실, 침실, 욕실로 구성</li><li>평면 TV, DVD플레이어 제공</li><li>편안한 트윈베드룸</li><li>체크인 13:00 / 체크 아웃 11:00</li><li>전 객실 금연</li><li>객실 크기 30m²','2021-11-22231812SUITE1.jpg,2021-11-22231812SUITE2.jpg,2021-11-22231812SUITE3Thumb.jpg,2021-11-22231812SUITE4.jpg,2021-11-22231812SUITE5.jpg',350000);
Insert into MEROOM.ROOM (RM_NUMBER,RM_KIND,RM_AREA,RM_INFO,FILE_NAME,RM_PRICE) values (402,'SUITE','4','침실과 거실이 분리된 고급 객실</li><li>큰 면적으로 거실, 침실, 욕실로 구성</li><li>평면 TV, DVD플레이어 제공</li><li>편안한 트윈베드룸</li><li>체크인 13:00 / 체크 아웃 11:00</li><li>전 객실 금연</li><li>객실 크기 30m²','2021-11-22231819SUITE1.jpg,2021-11-22231819SUITE2.jpg,2021-11-22231819SUITE3Thumb.jpg,2021-11-22231819SUITE4.jpg,2021-11-22231819SUITE5.jpg',350000);
Insert into MEROOM.ROOM (RM_NUMBER,RM_KIND,RM_AREA,RM_INFO,FILE_NAME,RM_PRICE) values (403,'SUITE','4','침실과 거실이 분리된 고급 객실</li><li>큰 면적으로 거실, 침실, 욕실로 구성</li><li>평면 TV, DVD플레이어 제공</li><li>편안한 트윈베드룸</li><li>체크인 13:00 / 체크 아웃 11:00</li><li>전 객실 금연</li><li>객실 크기 30m²','2021-11-22231826SUITE1.jpg,2021-11-22231826SUITE2.jpg,2021-11-22231826SUITE3Thumb.jpg,2021-11-22231826SUITE4.jpg,2021-11-22231826SUITE5.jpg',350000);
--------------------------------------------------------
--  DDL for Index ADMINREWARD_PK
--------------------------------------------------------

  CREATE UNIQUE INDEX "MEROOM"."ADMINREWARD_PK" ON "MEROOM"."ADMINREWARD" ("RE_CATEGORY") 
  PCTFREE 10 INITRANS 2 MAXTRANS 255 COMPUTE STATISTICS 
  STORAGE(INITIAL 65536 NEXT 1048576 MINEXTENTS 1 MAXEXTENTS 2147483645
  PCTINCREASE 0 FREELISTS 1 FREELIST GROUPS 1 BUFFER_POOL DEFAULT FLASH_CACHE DEFAULT CELL_FLASH_CACHE DEFAULT)
  TABLESPACE "SYSTEM" ;
--------------------------------------------------------
--  DDL for Index ANSWERS_PK
--------------------------------------------------------

  CREATE UNIQUE INDEX "MEROOM"."ANSWERS_PK" ON "MEROOM"."ANSWER" ("A_IDX") 
  PCTFREE 10 INITRANS 2 MAXTRANS 255 COMPUTE STATISTICS 
  STORAGE(INITIAL 65536 NEXT 1048576 MINEXTENTS 1 MAXEXTENTS 2147483645
  PCTINCREASE 0 FREELISTS 1 FREELIST GROUPS 1 BUFFER_POOL DEFAULT FLASH_CACHE DEFAULT CELL_FLASH_CACHE DEFAULT)
  TABLESPACE "SYSTEM" ;
--------------------------------------------------------
--  DDL for Index MEMBER_PK
--------------------------------------------------------

  CREATE UNIQUE INDEX "MEROOM"."MEMBER_PK" ON "MEROOM"."MEMBER" ("MEMBERID") 
  PCTFREE 10 INITRANS 2 MAXTRANS 255 COMPUTE STATISTICS 
  STORAGE(INITIAL 65536 NEXT 1048576 MINEXTENTS 1 MAXEXTENTS 2147483645
  PCTINCREASE 0 FREELISTS 1 FREELIST GROUPS 1 BUFFER_POOL DEFAULT FLASH_CACHE DEFAULT CELL_FLASH_CACHE DEFAULT)
  TABLESPACE "SYSTEM" ;
--------------------------------------------------------
--  DDL for Index ONEDAYCLASS_PK
--------------------------------------------------------

  CREATE UNIQUE INDEX "MEROOM"."ONEDAYCLASS_PK" ON "MEROOM"."ONEDAYCLASS" ("O_IDX") 
  PCTFREE 10 INITRANS 2 MAXTRANS 255 COMPUTE STATISTICS 
  STORAGE(INITIAL 65536 NEXT 1048576 MINEXTENTS 1 MAXEXTENTS 2147483645
  PCTINCREASE 0 FREELISTS 1 FREELIST GROUPS 1 BUFFER_POOL DEFAULT FLASH_CACHE DEFAULT CELL_FLASH_CACHE DEFAULT)
  TABLESPACE "SYSTEM" ;
--------------------------------------------------------
--  DDL for Index O_PAYMENT_PK
--------------------------------------------------------

  CREATE UNIQUE INDEX "MEROOM"."O_PAYMENT_PK" ON "MEROOM"."O_PAYMENT" ("OP_IDX") 
  PCTFREE 10 INITRANS 2 MAXTRANS 255 COMPUTE STATISTICS 
  STORAGE(INITIAL 65536 NEXT 1048576 MINEXTENTS 1 MAXEXTENTS 2147483645
  PCTINCREASE 0 FREELISTS 1 FREELIST GROUPS 1 BUFFER_POOL DEFAULT FLASH_CACHE DEFAULT CELL_FLASH_CACHE DEFAULT)
  TABLESPACE "SYSTEM" ;
--------------------------------------------------------
--  DDL for Index O_REFUND_PK
--------------------------------------------------------

  CREATE UNIQUE INDEX "MEROOM"."O_REFUND_PK" ON "MEROOM"."O_REFUND" ("ORF_IDX") 
  PCTFREE 10 INITRANS 2 MAXTRANS 255 COMPUTE STATISTICS 
  STORAGE(INITIAL 65536 NEXT 1048576 MINEXTENTS 1 MAXEXTENTS 2147483645
  PCTINCREASE 0 FREELISTS 1 FREELIST GROUPS 1 BUFFER_POOL DEFAULT FLASH_CACHE DEFAULT CELL_FLASH_CACHE DEFAULT)
  TABLESPACE "SYSTEM" ;
--------------------------------------------------------
--  DDL for Index O_RESERVATION_PK
--------------------------------------------------------

  CREATE UNIQUE INDEX "MEROOM"."O_RESERVATION_PK" ON "MEROOM"."O_RESERVATION" ("OR_IDX") 
  PCTFREE 10 INITRANS 2 MAXTRANS 255 COMPUTE STATISTICS 
  STORAGE(INITIAL 65536 NEXT 1048576 MINEXTENTS 1 MAXEXTENTS 2147483645
  PCTINCREASE 0 FREELISTS 1 FREELIST GROUPS 1 BUFFER_POOL DEFAULT FLASH_CACHE DEFAULT CELL_FLASH_CACHE DEFAULT)
  TABLESPACE "SYSTEM" ;
--------------------------------------------------------
--  DDL for Index PAYMENT_PK
--------------------------------------------------------

  CREATE UNIQUE INDEX "MEROOM"."PAYMENT_PK" ON "MEROOM"."PAYMENT" ("PAY_IDX") 
  PCTFREE 10 INITRANS 2 MAXTRANS 255 COMPUTE STATISTICS 
  STORAGE(INITIAL 65536 NEXT 1048576 MINEXTENTS 1 MAXEXTENTS 2147483645
  PCTINCREASE 0 FREELISTS 1 FREELIST GROUPS 1 BUFFER_POOL DEFAULT FLASH_CACHE DEFAULT CELL_FLASH_CACHE DEFAULT)
  TABLESPACE "SYSTEM" ;
--------------------------------------------------------
--  DDL for Index REFUND_PK
--------------------------------------------------------

  CREATE UNIQUE INDEX "MEROOM"."REFUND_PK" ON "MEROOM"."REFUND" ("RF_IDX") 
  PCTFREE 10 INITRANS 2 MAXTRANS 255 COMPUTE STATISTICS 
  STORAGE(INITIAL 65536 NEXT 1048576 MINEXTENTS 1 MAXEXTENTS 2147483645
  PCTINCREASE 0 FREELISTS 1 FREELIST GROUPS 1 BUFFER_POOL DEFAULT FLASH_CACHE DEFAULT CELL_FLASH_CACHE DEFAULT)
  TABLESPACE "SYSTEM" ;
--------------------------------------------------------
--  DDL for Index RESERVATION_PK
--------------------------------------------------------

  CREATE UNIQUE INDEX "MEROOM"."RESERVATION_PK" ON "MEROOM"."RESERVATION" ("R_IDX") 
  PCTFREE 10 INITRANS 2 MAXTRANS 255 COMPUTE STATISTICS 
  STORAGE(INITIAL 65536 NEXT 1048576 MINEXTENTS 1 MAXEXTENTS 2147483645
  PCTINCREASE 0 FREELISTS 1 FREELIST GROUPS 1 BUFFER_POOL DEFAULT FLASH_CACHE DEFAULT CELL_FLASH_CACHE DEFAULT)
  TABLESPACE "SYSTEM" ;
--------------------------------------------------------
--  DDL for Index REWARD_PK
--------------------------------------------------------

  CREATE UNIQUE INDEX "MEROOM"."REWARD_PK" ON "MEROOM"."REWARD" ("REWARD_IDX") 
  PCTFREE 10 INITRANS 2 MAXTRANS 255 COMPUTE STATISTICS 
  STORAGE(INITIAL 65536 NEXT 1048576 MINEXTENTS 1 MAXEXTENTS 2147483645
  PCTINCREASE 0 FREELISTS 1 FREELIST GROUPS 1 BUFFER_POOL DEFAULT FLASH_CACHE DEFAULT CELL_FLASH_CACHE DEFAULT)
  TABLESPACE "SYSTEM" ;
--------------------------------------------------------
--  DDL for Index ROOM_PK
--------------------------------------------------------

  CREATE UNIQUE INDEX "MEROOM"."ROOM_PK" ON "MEROOM"."ROOM" ("RM_NUMBER") 
  PCTFREE 10 INITRANS 2 MAXTRANS 255 COMPUTE STATISTICS 
  STORAGE(INITIAL 65536 NEXT 1048576 MINEXTENTS 1 MAXEXTENTS 2147483645
  PCTINCREASE 0 FREELISTS 1 FREELIST GROUPS 1 BUFFER_POOL DEFAULT FLASH_CACHE DEFAULT CELL_FLASH_CACHE DEFAULT)
  TABLESPACE "SYSTEM" ;
--------------------------------------------------------
--  DDL for Index SYS_C007979
--------------------------------------------------------

  CREATE UNIQUE INDEX "MEROOM"."SYS_C007979" ON "MEROOM"."ENJOY" ("EID") 
  PCTFREE 10 INITRANS 2 MAXTRANS 255 COMPUTE STATISTICS 
  STORAGE(INITIAL 65536 NEXT 1048576 MINEXTENTS 1 MAXEXTENTS 2147483645
  PCTINCREASE 0 FREELISTS 1 FREELIST GROUPS 1 BUFFER_POOL DEFAULT FLASH_CACHE DEFAULT CELL_FLASH_CACHE DEFAULT)
  TABLESPACE "SYSTEM" ;
--------------------------------------------------------
--  DDL for Index SYS_C008001
--------------------------------------------------------

  CREATE UNIQUE INDEX "MEROOM"."SYS_C008001" ON "MEROOM"."PLACE" ("PID") 
  PCTFREE 10 INITRANS 2 MAXTRANS 255 COMPUTE STATISTICS 
  STORAGE(INITIAL 65536 NEXT 1048576 MINEXTENTS 1 MAXEXTENTS 2147483645
  PCTINCREASE 0 FREELISTS 1 FREELIST GROUPS 1 BUFFER_POOL DEFAULT FLASH_CACHE DEFAULT CELL_FLASH_CACHE DEFAULT)
  TABLESPACE "SYSTEM" ;
--------------------------------------------------------
--  Constraints for Table ADMINREWARD
--------------------------------------------------------

  ALTER TABLE "MEROOM"."ADMINREWARD" ADD CONSTRAINT "ADMINREWARD_PK" PRIMARY KEY ("RE_CATEGORY")
  USING INDEX PCTFREE 10 INITRANS 2 MAXTRANS 255 COMPUTE STATISTICS 
  STORAGE(INITIAL 65536 NEXT 1048576 MINEXTENTS 1 MAXEXTENTS 2147483645
  PCTINCREASE 0 FREELISTS 1 FREELIST GROUPS 1 BUFFER_POOL DEFAULT FLASH_CACHE DEFAULT CELL_FLASH_CACHE DEFAULT)
  TABLESPACE "SYSTEM"  ENABLE;
  ALTER TABLE "MEROOM"."ADMINREWARD" MODIFY ("RE_CATEGORY" NOT NULL ENABLE);
--------------------------------------------------------
--  Constraints for Table ANSWER
--------------------------------------------------------

  ALTER TABLE "MEROOM"."ANSWER" MODIFY ("A_IDX" NOT NULL ENABLE);
  ALTER TABLE "MEROOM"."ANSWER" MODIFY ("Q_IDX2" NOT NULL ENABLE);
  ALTER TABLE "MEROOM"."ANSWER" ADD CONSTRAINT "ANSWERS_PK" PRIMARY KEY ("A_IDX")
  USING INDEX PCTFREE 10 INITRANS 2 MAXTRANS 255 COMPUTE STATISTICS 
  STORAGE(INITIAL 65536 NEXT 1048576 MINEXTENTS 1 MAXEXTENTS 2147483645
  PCTINCREASE 0 FREELISTS 1 FREELIST GROUPS 1 BUFFER_POOL DEFAULT FLASH_CACHE DEFAULT CELL_FLASH_CACHE DEFAULT)
  TABLESPACE "SYSTEM"  ENABLE;
--------------------------------------------------------
--  Constraints for Table ENJOY
--------------------------------------------------------

  ALTER TABLE "MEROOM"."ENJOY" ADD PRIMARY KEY ("EID")
  USING INDEX PCTFREE 10 INITRANS 2 MAXTRANS 255 COMPUTE STATISTICS 
  STORAGE(INITIAL 65536 NEXT 1048576 MINEXTENTS 1 MAXEXTENTS 2147483645
  PCTINCREASE 0 FREELISTS 1 FREELIST GROUPS 1 BUFFER_POOL DEFAULT FLASH_CACHE DEFAULT CELL_FLASH_CACHE DEFAULT)
  TABLESPACE "SYSTEM"  ENABLE;
--------------------------------------------------------
--  Constraints for Table EVENT
--------------------------------------------------------

  ALTER TABLE "MEROOM"."EVENT" MODIFY ("EV_IDX" NOT NULL ENABLE);
--------------------------------------------------------
--  Constraints for Table MEMBER
--------------------------------------------------------

  ALTER TABLE "MEROOM"."MEMBER" MODIFY ("JOINDATE" NOT NULL ENABLE);
  ALTER TABLE "MEROOM"."MEMBER" ADD CONSTRAINT "MEMBER_PK" PRIMARY KEY ("MEMBERID")
  USING INDEX PCTFREE 10 INITRANS 2 MAXTRANS 255 COMPUTE STATISTICS 
  STORAGE(INITIAL 65536 NEXT 1048576 MINEXTENTS 1 MAXEXTENTS 2147483645
  PCTINCREASE 0 FREELISTS 1 FREELIST GROUPS 1 BUFFER_POOL DEFAULT FLASH_CACHE DEFAULT CELL_FLASH_CACHE DEFAULT)
  TABLESPACE "SYSTEM"  ENABLE;
  ALTER TABLE "MEROOM"."MEMBER" MODIFY ("MEMBERID" NOT NULL ENABLE);
--------------------------------------------------------
--  Constraints for Table NEWS
--------------------------------------------------------

  ALTER TABLE "MEROOM"."NEWS" MODIFY ("NE_IDX" NOT NULL ENABLE);
--------------------------------------------------------
--  Constraints for Table ONEDAYCLASS
--------------------------------------------------------

  ALTER TABLE "MEROOM"."ONEDAYCLASS" MODIFY ("O_IDX" NOT NULL ENABLE);
  ALTER TABLE "MEROOM"."ONEDAYCLASS" ADD CONSTRAINT "ONEDAYCLASS_PK" PRIMARY KEY ("O_IDX")
  USING INDEX PCTFREE 10 INITRANS 2 MAXTRANS 255 COMPUTE STATISTICS 
  STORAGE(INITIAL 65536 NEXT 1048576 MINEXTENTS 1 MAXEXTENTS 2147483645
  PCTINCREASE 0 FREELISTS 1 FREELIST GROUPS 1 BUFFER_POOL DEFAULT FLASH_CACHE DEFAULT CELL_FLASH_CACHE DEFAULT)
  TABLESPACE "SYSTEM"  ENABLE;
--------------------------------------------------------
--  Constraints for Table O_PAYMENT
--------------------------------------------------------

  ALTER TABLE "MEROOM"."O_PAYMENT" MODIFY ("OP_IDX" NOT NULL ENABLE);
  ALTER TABLE "MEROOM"."O_PAYMENT" ADD CONSTRAINT "O_PAYMENT_PK" PRIMARY KEY ("OP_IDX")
  USING INDEX PCTFREE 10 INITRANS 2 MAXTRANS 255 COMPUTE STATISTICS 
  STORAGE(INITIAL 65536 NEXT 1048576 MINEXTENTS 1 MAXEXTENTS 2147483645
  PCTINCREASE 0 FREELISTS 1 FREELIST GROUPS 1 BUFFER_POOL DEFAULT FLASH_CACHE DEFAULT CELL_FLASH_CACHE DEFAULT)
  TABLESPACE "SYSTEM"  ENABLE;
--------------------------------------------------------
--  Constraints for Table O_REFUND
--------------------------------------------------------

  ALTER TABLE "MEROOM"."O_REFUND" MODIFY ("ORF_IDX" NOT NULL ENABLE);
  ALTER TABLE "MEROOM"."O_REFUND" ADD CONSTRAINT "O_REFUND_PK" PRIMARY KEY ("ORF_IDX")
  USING INDEX PCTFREE 10 INITRANS 2 MAXTRANS 255 COMPUTE STATISTICS 
  STORAGE(INITIAL 65536 NEXT 1048576 MINEXTENTS 1 MAXEXTENTS 2147483645
  PCTINCREASE 0 FREELISTS 1 FREELIST GROUPS 1 BUFFER_POOL DEFAULT FLASH_CACHE DEFAULT CELL_FLASH_CACHE DEFAULT)
  TABLESPACE "SYSTEM"  ENABLE;
--------------------------------------------------------
--  Constraints for Table O_RESERVATION
--------------------------------------------------------

  ALTER TABLE "MEROOM"."O_RESERVATION" MODIFY ("OR_IDX" NOT NULL ENABLE);
  ALTER TABLE "MEROOM"."O_RESERVATION" ADD CONSTRAINT "O_RESERVATION_PK" PRIMARY KEY ("OR_IDX")
  USING INDEX PCTFREE 10 INITRANS 2 MAXTRANS 255 COMPUTE STATISTICS 
  STORAGE(INITIAL 65536 NEXT 1048576 MINEXTENTS 1 MAXEXTENTS 2147483645
  PCTINCREASE 0 FREELISTS 1 FREELIST GROUPS 1 BUFFER_POOL DEFAULT FLASH_CACHE DEFAULT CELL_FLASH_CACHE DEFAULT)
  TABLESPACE "SYSTEM"  ENABLE;
--------------------------------------------------------
--  Constraints for Table PAYMENT
--------------------------------------------------------

  ALTER TABLE "MEROOM"."PAYMENT" ADD CONSTRAINT "PAYMENT_PK" PRIMARY KEY ("PAY_IDX")
  USING INDEX PCTFREE 10 INITRANS 2 MAXTRANS 255 COMPUTE STATISTICS 
  STORAGE(INITIAL 65536 NEXT 1048576 MINEXTENTS 1 MAXEXTENTS 2147483645
  PCTINCREASE 0 FREELISTS 1 FREELIST GROUPS 1 BUFFER_POOL DEFAULT FLASH_CACHE DEFAULT CELL_FLASH_CACHE DEFAULT)
  TABLESPACE "SYSTEM"  ENABLE;
  ALTER TABLE "MEROOM"."PAYMENT" MODIFY ("R_IDX" NOT NULL ENABLE);
  ALTER TABLE "MEROOM"."PAYMENT" MODIFY ("PAY_IDX" NOT NULL ENABLE);
--------------------------------------------------------
--  Constraints for Table PLACE
--------------------------------------------------------

  ALTER TABLE "MEROOM"."PLACE" ADD PRIMARY KEY ("PID")
  USING INDEX PCTFREE 10 INITRANS 2 MAXTRANS 255 COMPUTE STATISTICS 
  STORAGE(INITIAL 65536 NEXT 1048576 MINEXTENTS 1 MAXEXTENTS 2147483645
  PCTINCREASE 0 FREELISTS 1 FREELIST GROUPS 1 BUFFER_POOL DEFAULT FLASH_CACHE DEFAULT CELL_FLASH_CACHE DEFAULT)
  TABLESPACE "SYSTEM"  ENABLE;
--------------------------------------------------------
--  Constraints for Table PROMOTION
--------------------------------------------------------

  ALTER TABLE "MEROOM"."PROMOTION" MODIFY ("PR_IDX" NOT NULL ENABLE);
--------------------------------------------------------
--  Constraints for Table REFUND
--------------------------------------------------------

  ALTER TABLE "MEROOM"."REFUND" ADD CONSTRAINT "REFUND_PK" PRIMARY KEY ("RF_IDX")
  USING INDEX PCTFREE 10 INITRANS 2 MAXTRANS 255 COMPUTE STATISTICS 
  STORAGE(INITIAL 65536 NEXT 1048576 MINEXTENTS 1 MAXEXTENTS 2147483645
  PCTINCREASE 0 FREELISTS 1 FREELIST GROUPS 1 BUFFER_POOL DEFAULT FLASH_CACHE DEFAULT CELL_FLASH_CACHE DEFAULT)
  TABLESPACE "SYSTEM"  ENABLE;
  ALTER TABLE "MEROOM"."REFUND" MODIFY ("R_IDX" NOT NULL ENABLE);
  ALTER TABLE "MEROOM"."REFUND" MODIFY ("RF_IDX" NOT NULL ENABLE);
--------------------------------------------------------
--  Constraints for Table RESERVATION
--------------------------------------------------------

  ALTER TABLE "MEROOM"."RESERVATION" ADD CONSTRAINT "RESERVATION_PK" PRIMARY KEY ("R_IDX")
  USING INDEX PCTFREE 10 INITRANS 2 MAXTRANS 255 COMPUTE STATISTICS 
  STORAGE(INITIAL 65536 NEXT 1048576 MINEXTENTS 1 MAXEXTENTS 2147483645
  PCTINCREASE 0 FREELISTS 1 FREELIST GROUPS 1 BUFFER_POOL DEFAULT FLASH_CACHE DEFAULT CELL_FLASH_CACHE DEFAULT)
  TABLESPACE "SYSTEM"  ENABLE;
  ALTER TABLE "MEROOM"."RESERVATION" MODIFY ("MEMBERID" NOT NULL ENABLE);
  ALTER TABLE "MEROOM"."RESERVATION" MODIFY ("RM_NUMBER" NOT NULL ENABLE);
  ALTER TABLE "MEROOM"."RESERVATION" MODIFY ("R_IDX" NOT NULL ENABLE);
--------------------------------------------------------
--  Constraints for Table REVIEW
--------------------------------------------------------

  ALTER TABLE "MEROOM"."REVIEW" MODIFY ("SCORE" NOT NULL ENABLE);
  ALTER TABLE "MEROOM"."REVIEW" MODIFY ("RV_DATE" NOT NULL ENABLE);
  ALTER TABLE "MEROOM"."REVIEW" MODIFY ("RV_CONTENT" NOT NULL ENABLE);
  ALTER TABLE "MEROOM"."REVIEW" MODIFY ("MEMBERID" NOT NULL ENABLE);
  ALTER TABLE "MEROOM"."REVIEW" MODIFY ("R_IDX" NOT NULL ENABLE);
  ALTER TABLE "MEROOM"."REVIEW" MODIFY ("RV_IDX" NOT NULL ENABLE);
--------------------------------------------------------
--  Constraints for Table REWARD
--------------------------------------------------------

  ALTER TABLE "MEROOM"."REWARD" ADD CONSTRAINT "REWARD_PK" PRIMARY KEY ("REWARD_IDX")
  USING INDEX PCTFREE 10 INITRANS 2 MAXTRANS 255 COMPUTE STATISTICS 
  STORAGE(INITIAL 65536 NEXT 1048576 MINEXTENTS 1 MAXEXTENTS 2147483645
  PCTINCREASE 0 FREELISTS 1 FREELIST GROUPS 1 BUFFER_POOL DEFAULT FLASH_CACHE DEFAULT CELL_FLASH_CACHE DEFAULT)
  TABLESPACE "SYSTEM"  ENABLE;
  ALTER TABLE "MEROOM"."REWARD" MODIFY ("REWARD_DATE" NOT NULL ENABLE);
  ALTER TABLE "MEROOM"."REWARD" MODIFY ("POINT" NOT NULL ENABLE);
  ALTER TABLE "MEROOM"."REWARD" MODIFY ("RE_CATEGORY" NOT NULL ENABLE);
  ALTER TABLE "MEROOM"."REWARD" MODIFY ("MEMBERID" NOT NULL ENABLE);
--------------------------------------------------------
--  Constraints for Table ROOM
--------------------------------------------------------

  ALTER TABLE "MEROOM"."ROOM" ADD CONSTRAINT "ROOM_PK" PRIMARY KEY ("RM_NUMBER")
  USING INDEX PCTFREE 10 INITRANS 2 MAXTRANS 255 COMPUTE STATISTICS 
  STORAGE(INITIAL 65536 NEXT 1048576 MINEXTENTS 1 MAXEXTENTS 2147483645
  PCTINCREASE 0 FREELISTS 1 FREELIST GROUPS 1 BUFFER_POOL DEFAULT FLASH_CACHE DEFAULT CELL_FLASH_CACHE DEFAULT)
  TABLESPACE "SYSTEM"  ENABLE;
  ALTER TABLE "MEROOM"."ROOM" MODIFY ("RM_NUMBER" NOT NULL ENABLE);
--------------------------------------------------------
--  Ref Constraints for Table O_PAYMENT
--------------------------------------------------------

  ALTER TABLE "MEROOM"."O_PAYMENT" ADD CONSTRAINT "O_PAYMENT_FK2" FOREIGN KEY ("OR_IDX")
	  REFERENCES "MEROOM"."O_RESERVATION" ("OR_IDX") ON DELETE CASCADE ENABLE;
--------------------------------------------------------
--  Ref Constraints for Table PAYMENT
--------------------------------------------------------

  ALTER TABLE "MEROOM"."PAYMENT" ADD CONSTRAINT "FK_PAYMENT" FOREIGN KEY ("R_IDX")
	  REFERENCES "MEROOM"."RESERVATION" ("R_IDX") ON DELETE CASCADE ENABLE;
--------------------------------------------------------
--  Ref Constraints for Table RESERVATION
--------------------------------------------------------

  ALTER TABLE "MEROOM"."RESERVATION" ADD CONSTRAINT "RESERVATION_FK" FOREIGN KEY ("MEMBERID")
	  REFERENCES "MEROOM"."MEMBER" ("MEMBERID") ENABLE;
--------------------------------------------------------
--  Ref Constraints for Table REVIEW
--------------------------------------------------------

  ALTER TABLE "MEROOM"."REVIEW" ADD CONSTRAINT "MEMBERID_FK" FOREIGN KEY ("MEMBERID")
	  REFERENCES "MEROOM"."MEMBER" ("MEMBERID") ENABLE;
  ALTER TABLE "MEROOM"."REVIEW" ADD CONSTRAINT "R_IDX_FK" FOREIGN KEY ("R_IDX")
	  REFERENCES "MEROOM"."RESERVATION" ("R_IDX") DISABLE;
--------------------------------------------------------
--  Ref Constraints for Table REWARD
--------------------------------------------------------

  ALTER TABLE "MEROOM"."REWARD" ADD CONSTRAINT "MEMBERID_RE_FK" FOREIGN KEY ("MEMBERID")
	  REFERENCES "MEROOM"."MEMBER" ("MEMBERID") ENABLE;
  ALTER TABLE "MEROOM"."REWARD" ADD CONSTRAINT "RE_CATEGORY_RR_FK" FOREIGN KEY ("RE_CATEGORY")
	  REFERENCES "MEROOM"."ADMINREWARD" ("RE_CATEGORY") ENABLE;
